Question Number,Question ID,Category,Difficulty,Original Evaluation Question,Cleaned Question for Future Use,Question Wording Changed?,Original Author-Prepared Reference Answer,Reviewer Answer,Original Review Outcome,Reviewer Notes,Final Adjudicated Reference Answer,Disposition,Adjudication Rationale,Adjudicated Source Basis,Adjudication Status,Reviewer Confirmation of Final Answer,Reference Set Version
64,G009,GAP DETECTION,MEDIUM,Is there a contradiction between China's 2060 carbon neutrality commitment and IPCC AR6's recommendation for achieving net zero CO2 by around 2050?,Is there a contradiction between China's 2060 carbon neutrality commitment and IPCC AR6's recommendation for achieving net zero CO2 by around 2050?,No,"IPCC AR6 WG3 states that limiting warming to 1.5°C requires reaching net zero CO2 globally by around 2050. China's NDC2 commits to carbon neutrality by 2060, a full decade later than the IPCC global median requirement. IPCC acknowledges developing nations may peak later, but China is the world's largest emitter. Climate Action Tracker rates China's 2060 target as 'highly insufficient' for 1.5°C. The 10-year gap is a direct contradiction between China's long-term target and IPCC's 2050 net zero requirement.","Based only on this document, the question cannot be answered. The document states China's commitment — peak CO2 before 2030 and carbon neutrality before 2060 (PDF pp.5, 8) — and defends this differentiated timeline on equity/CBDR grounds (PDF pp.8–9, 49–50). But it never states IPCC AR6's ""net zero by ~2050"" recommendation; its only IPCC references (AR5 on p.29, AR6 author count on p.53) give no target year. With no IPCC benchmark in the text, no contradiction can be identified from this document alone.",Partial,"consistent on the raw numbers, divergent on sourcing scope and on how confidently a ""contradiction"" can be declared.","China states that it will peak CO2 emissions before 2030 and achieve carbon neutrality before 2060. IPCC AR6 describes global net-zero CO2 around 2050 in 1.5°C pathways. The dates therefore differ by about a decade, but calling this a direct contradiction overstates what the sources establish: the IPCC milestone is global, while China's NDC explicitly invokes equity and differentiated responsibilities. The defensible finding is a later national target relative to the global pathway milestone, not an internally contradictory commitment.",Clarify,Added the missing IPCC comparison while qualifying the normative 'contradiction' claim.,"NDC2_2021_China, pp. 5, 8-9, 49-50; WG3_SPM_2022, net-zero pathway passages",Adjudicated,Not obtained,v1.0
42,C012,COMPARATIVE,HARD,How do India's and China's NDC submissions reference the principle of common but differentiated responsibilities (CBDR)?,How do India's and China's NDC submissions reference the principle of common but differentiated responsibilities (CBDR)?,No,"India's NDC2 prominently invokes CBDR and respective capabilities, arguing that as a developing nation with 24% of the world's population still lacking energy access, it should not be held to the same emission reduction standard as developed nations. India explicitly states its INDC is based on the 1992 Convention. China's NDC also references CBDR but places greater emphasis on domestic development goals and technological leadership in clean energy. India is more assertive in using CBDR as a framing device.","Both India and China invoke CBDR but with different emphasis. India frames it around climate justice, highlighting its per capita emissions of only 1.56 metric tonnes against 7–15 metric tonnes in developed countries, and quotes its Prime Minister that CBDR is ""the bedrock of our collective enterprise"", making its INDC contingent on developed country finance and technology transfer. China frames CBDR as a legal and structural obligation, demanding it be embedded in the Paris Agreement text, clearly stating developed countries must take ""economy-wide absolute quantified emission reduction targets"" while developing countries act only when ""supported and enabled by finance, technology and capacity building."" Both agree developed countries must lead, but India uses CBDR to protect its development rights while China uses it to enforce binding differentiated obligations.",Partial,"The existing answer captures the broad difference correctly but misses key document-specific evidence such as India's 1.56 metric tonnes per capita emission figure, the PM's direct CBDR quote, and China's legal demand for ""economy-wide absolute quantified emission reduction targets","Both India and China invoke common but differentiated responsibilities and respective capabilities. India's submission frames CBDR through climate justice, development needs and low per-capita emissions, and conditions stronger action on finance, technology and capacity support from developed countries. China's submission frames CBDR as a structural and legal differentiation under which developed countries should undertake economy-wide absolute reductions and developing countries should receive enabling finance, technology and capacity building. Both call for developed-country leadership, but India's emphasis is developmental equity whereas China's is differentiated obligation within the international regime.",Clarify,Retained the broad comparison and added document-specific evidence without extending beyond the submissions.,"NDC1_2015_India, pp. 8-11; NDC2_2021_China, equity and international-cooperation sections",Adjudicated,Not obtained,v1.0
79,G024,GAP DETECTION,HARD,What is the gap between G20 developed nations' climate finance commitments in their NDC2 and the IPCC-identified needs of developing nations?,What is the gap between G20 developed nations' climate finance commitments in their NDC2 and the IPCC-identified needs of developing nations?,No,IPCC AR6 WG3 identifies that developing nations need USD 2.4 trillion per year in climate finance by 2030. The developed G20 nations' NDC2 submissions do not contain specific climate finance commitments to developing nations — the USD 100 billion per year developed country pledge is referenced as context but not committed in NDC2 texts. The gap between IPCC-identified need (USD 2.4 trillion) and the often-unmet developed country pledge (USD 100 billion) represents a factor of 24x underfunding. GAP: Climate finance commitments are systematically absent from developed nation NDC2 texts.,Gap = ~USD 394 billion/year (5× underfunded)    Delivered: USD 79.6B/year (2019)  IPCC need: USD 474B/year by 2030  Own $100B pledge: never met — $20.4B short  NDC2 texts: no finance commitments from any G20 developed nation except UK (£11.6B/5 years)    Sources: WG3_Chapter14 · WG2_Chapter17 · G20 NDC2 files,Partial,"Correct on the $100B gap and absent NDC2 commitments, but the $2.4 trillion figure and ""24× underfunding"" claim do not exist in your documents; the correct figure is $474B/year (5× gap).","The assessed IPCC sources do not support the original USD 2.4 trillion annual adaptation-finance figure or a simple 24-fold gap. IPCC WG2 reports median adaptation costs for developing countries of about USD 127 billion per year by 2030, with a range of USD 15-411 billion. IPCC WG3 reports developed-country climate finance of USD 79.6 billion in 2019 against the USD 100 billion annual goal. Most developed-country G20 NDCs do not make a new, directly comparable outward finance commitment within the NDC text; the United Kingdom describes a multi-year climate-finance pledge. The evidence supports a substantial finance shortfall, but not one single 474-billion or 2.4-trillion arithmetic gap from these sources.",Reconstruct,Rejected both unsupported aggregate figures and replaced them with the locally verified IPCC adaptation-cost and delivered-finance values.,"WG2_Chapter17_DecisionMakingRisk_2022, adaptation-cost passages; WG3_Chapter14_InternationalCooperation_2022, climate-finance passages; developed-country NDC finance sections",Adjudicated,Not obtained,v1.0
67,G012,GAP DETECTION,HARD,Identify the gap between India's agriculture sector NDC commitments and IPCC AR6 recommendations for agricultural emissions.,Identify the gap between India's agriculture sector NDC commitments and IPCC AR6 recommendations for agricultural emissions.,No,"IPCC AR6 WG3 states that agriculture, forestry and land use can contribute 20-30% of total GHG mitigation by 2050. India's NDC2 references sustainable agriculture and climate-resilient farming but does not provide quantified agricultural emission reduction targets. India's NDC2 focuses more on adaptation in agriculture (food security, drought resistance) than on mitigation quantification. GAP: India's NDC2 lacks quantified agricultural mitigation targets, a significant gap given India's large agricultural sector contributing approximately 14% of national emissions.","Gap: India Agriculture NDC2 vs. IPCC AR6  India NDC2: Agriculture mentioned once — adaptation only, zero quantified mitigation targets for CH₄/N₂O.  IPCC AR6 recommends: 1.8–4.1 GtCO₂-eq/yr reduction from crop & livestock management, 50% achievable at under USD 20/tCO₂-eq — near-term, low-cost.  Gap = Complete structural absence, not a shortfall in degree  India reframes agriculture as a climate victim; IPCC identifies it as one of the most cost-effective mitigation opportunities — especially critical given India holds the world's largest livestock population and extensive rice paddy coverage.  Sources: NDC2_2022_India.pdf · WG3_SPM_2022.pdf · WG3_Chapter02",Partial,"Correct on missing quantified targets and adaptation framing, but ""20–30% mitigation by 2050"" and ""14% of national emissions"" are not found anywhere in your documents.","India's updated NDC treats agriculture primarily through adaptation, resilience, sustainable practices and land-related measures, but it does not state a quantified agriculture-sector methane, nitrous-oxide or total emissions-reduction target. IPCC AR6 identifies substantial mitigation potential from crop and livestock management and other AFOLU measures. The gap is therefore structural and measurable: the NDC contains relevant actions but no sector-specific quantified emissions pathway against which implementation or alignment can be assessed.",Revise,Removed unsupported national-emissions and percentage-potential figures while retaining the source-supported quantification gap.,"NDC2_2022_India, agriculture/adaptation passages; WG3_SPM_2022 and AFOLU mitigation passages",Adjudicated,Not obtained,v1.0
44,C014,COMPARATIVE,HARD,"Compare the structural quality of Indonesia's NDC2 versus Turkey's NDC2 in terms of specificity, measurability, and time-bound targets.","Compare the structural quality of Indonesia's NDC2 versus Turkey's NDC2 in terms of specificity, measurability, and time-bound targets.",No,"Indonesia's NDC2 is considerably more structured and detailed, providing sector-specific targets (energy, transport, forestry, agriculture, waste), both conditional and unconditional targets with specific percentages (31.89% and 43.20%), and a separate adaptation annex. Turkey's NDC2 provides a single 41% BAU reduction target without sector-level breakdown and limited adaptation specifics, though it includes a Just Transition section. Indonesia's NDC2 scores higher on measurability and specificity.","Indonesia's NDC2 is more structured and detailed: sector-specific targets (energy, transport, forestry, agriculture, waste), both unconditional (29%) and conditional (41%) targets backed by a full sector-by-sector reduction table (Table 1, p22), and a dedicated adaptation annex. Turkey's NDC2 gives a single economy-wide 41%-vs-BAU target with no sector breakdown, but stronger time-bound anchors (base year 2012, peak by 2038, net-zero by 2053, quantified BAU of 1,175 Mt incl. LULUCF). Indonesia scores higher on measurability and specificity; Turkey on time-bound clarity.",Partial,"Agree: Indonesia is more structured (sector-specific targets, conditional/unconditional split, adaptation annex) and higher on specificity; Turkey gives one 41%-vs-BAU target with no sector breakdown.    Disagree: percentages are wrong — this 2021 doc says 29%/41% (p22), not 31.89%/43.20% (those are the 2022 Enhanced NDC). And ""Just Transition"" is Indonesia's strength, not Turkey's.","Indonesia's assessed NDC is more structured and measurable: it provides a sector-by-sector mitigation table, a 29% unconditional and up to 41% conditional economy-wide target, and a dedicated adaptation framework. Türkiye provides one economy-wide 41%-below-BAU target without an equivalent sectoral emissions-reduction table, but it has clearer long-term and temporal anchors, including a 2012 reference year, an emissions peak by 2038 and net zero by 2053. Indonesia is stronger on sectoral specificity and measurability; Türkiye is stronger on time-bound long-term milestones.",Revise,Corrected Indonesia's percentages and removed the unsupported just-transition comparison.,"NDC2_2022_Indonesia, pp. 16, 20-22 and adaptation annex; NDC2_2023_Turkey, pp. 1-3, 31-32",Adjudicated,Not obtained,v1.0
54,C024,COMPARATIVE,HARD,Compare the transparency and reporting commitments in Japan's and South Korea's NDC2 submissions.,Compare the transparency and reporting commitments in Japan's and South Korea's NDC2 submissions.,No,"Both Japan and South Korea commit to biennial transparency reporting under the Paris Agreement. Japan emphasises the Transparency Framework and details monitoring, reporting and verification through its Basic Environment Plan. South Korea's NDC2 references its monitoring framework tied to the K-ETS and carbon inventory system. Japan's reporting structure is more explicitly linked to domestic legislation (Act on Promotion of Global Warming Countermeasures).","Japan offers stronger technical transparency — detailed sector-by-sector emission breakdowns using updated IPCC Fourth Assessment GWPs, with annual Prime Minister-led reviews. South Korea offers stronger institutional transparency — legally binding targets under the Carbon Neutrality Act (2021) and a more inclusive review process through the 2050 Carbon Neutrality Commission involving civil society and youth. Both submit annual progress reports publicly, but Japan is more methodologically rigorous while South Korea is more legislatively and participatorily robust.",Partial,"The points on Japan's legislative grounding and South Korea's K-ETS monitoring linkage are reasonable. However, neither document explicitly mentions ""biennial transparency reporting"" — that term does not appear in either NDC2 text. Also, Japan's ""Basic Environment Plan"" is not referenced in the uploaded Japan NDC2 document. These appear to be external knowledge claims not supported by the uploaded documents, which was the agreed basis for this analysis.","Japan provides detailed sector-by-sector accounting, methodologies and implementation planning for its 2030 target, supported by the amended climate law and recurring policy-plan review. South Korea also grounds its target in legislation and institutional review, links implementation to annual sectoral planning and the Carbon Neutrality Commission, and uses the K-ETS as a major monitoring and implementation mechanism. Both therefore have substantial transparency arrangements, but the documents emphasize different instruments; neither answer should claim a specific biennial-reporting commitment unless it is directly stated in the NDC.",Clarify,Removed unsupported reporting claims while preserving the documented transparency comparison.,"NDC2_2021_Japan, methodology and implementation sections; NDC2_2021_South_Korea, pp. 9-10",Adjudicated,Not obtained,v1.0
18,F018,FACTUAL,MEDIUM,What are Mexico's unconditional and conditional GHG reduction targets under its NDC2?,What are Mexico's unconditional and conditional GHG reduction targets under its NDC2?,No,"Mexico's NDC2 commits to an unconditional reduction of 35 percent and a conditional reduction of 40 percent in national greenhouse gas emissions by 2030, compared to a business-as-usual scenario. Mexico also targets 35 percent renewable energy by 2024.","Mexico's NDC2 targets:  GHG emissions: 35% unconditional reduction by 2030 (30% domestic + 5% international), rising to up to 40% conditional on international support.  Black carbon: 51% unconditional, 70% conditional by 2030.  Baseline: 991 MtCO₂e (2030). The 35% equals 347 MtCO₂e avoided; conditional commitments total 397 MtCO₂e.",Partial,More details needed in your answer,"Mexico's updated NDC sets a 2030 greenhouse-gas reduction of 35% relative to the BAU baseline, comprising at least 30 percentage points from domestic resources and 5 percentage points associated with international cooperation or finance. With additional international support, the target may rise to 40%. The document separately gives black-carbon reductions of 51% and 70% for the corresponding levels of ambition.",Clarify,Retained the headline targets but clarified the domestic/international composition and separate black-carbon targets.,"NDC2_2022_Mexico, pp. 9, 17-18",Adjudicated,Not obtained,v1.0
47,C017,COMPARATIVE,HARD,How do the USA's and EU's NDC2 submissions address methane reduction compared to the IPCC-recommended 34 percent reduction by 2030?,How do the USA's and EU's NDC2 submissions address methane reduction compared to the IPCC-recommended 34 percent reduction by 2030?,No,The USA's NDC2 includes methane under its economy-wide 50-52% GHG reduction target and supports the Global Methane Pledge targeting 30% reduction by 2030. The EU's NDC2 includes methane in its 55% GHG reduction target and has published a Methane Strategy. Neither explicitly states a methane-specific percentage target aligned with the IPCC's 34% recommendation in their NDC text. The Global Methane Pledge's 30% target falls short of the IPCC 34% recommendation.,"Neither NDC2 sets a methane-specific target—both fold methane into an economy-wide, all-gas cut (US: 50–52% below 2005; EU: ≥55% below 1990, by 2030), addressing it only qualitatively (US: leak plugging, manure/nutrient management; EU: waste rules, falling fugitive emissions). With methane not disaggregated and the 34% IPCC figure unreferenced, neither can be measured against it without modelling the implied methane trajectory from external data.",Partial,"right on the targets and the missing 34%-aligned figure, but it imports two facts not in the documents.","Neither the United States nor the European Union states a stand-alone methane-reduction percentage in the assessed NDC. Both include methane within economy-wide multi-gas targets and describe methane-related measures qualitatively. Because methane is not disaggregated, the documents cannot be compared directly with the IPCC's approximately 34% global methane-reduction pathway value without an external gas-specific model. Global Methane Pledge and separate policy-strategy claims are not used unless they appear in the assessed NDC text.",Clarify,Removed facts imported from sources outside the assessed NDCs and made the non-comparability explicit.,"NDC2_2021_USA, methane-related measures; NDC2_2020_EU, non-CO2 measures; WG3_SPM_2022, p. 21",Adjudicated,Not obtained,v1.0
16,F016,FACTUAL,EASY,What is South Korea's 2030 NDC target expressed as a percentage reduction from BAU?,What is South Korea's 2030 NDC target and the baseline used?,Yes,South Korea commits to reducing national greenhouse gas emissions by 40 percent compared to the 2018 business-as-usual levels by 2030.,"South Korea's NDC2 target is a 40% reduction from 2018 GHG levels (727.6 MtCO2eq) by 2030 — an absolute base-year target. The document states Korea replaced its earlier BAU-based target with an economy-wide absolute target, so the target cannot be expressed as a reduction from BAU; the question's premise does not match the document.",Partial,More details needed in your answer,"The question's BAU premise does not match the assessed NDC. South Korea's 2030 target is an economy-wide 40% reduction from actual 2018 greenhouse-gas emissions of 727.6 MtCO2e, not a reduction from a BAU projection; the document states that this absolute base-year target replaced the earlier BAU-based formulation.",Reconstruct,Corrected the target type and baseline and explicitly resolved the flawed premise.,"NDC2_2021_South_Korea, pp. 1-2",Adjudicated,Not obtained,v1.0
72,G017,GAP DETECTION,HARD,What is the gap in G20 NDC2 submissions regarding nature-based solutions and biodiversity protection compared to IPCC recommendations?,What is the gap in G20 NDC2 submissions regarding nature-based solutions and biodiversity protection compared to IPCC recommendations?,No,IPCC AR6 WG3 Chapter 7 identifies nature-based solutions as providing 10-12 GtCO2e/year of mitigation potential by 2030. Most G20 NDC2 submissions mention forests and land use but few provide quantified nature-based solution targets. Brazil is most explicit with its deforestation targets. Indonesia addresses ecosystem protection. Argentina references grassland preservation. Most G20 developed economy NDC2 submissions do not provide nature-based solutions targets for their own territories at the quantified level IPCC recommends.,"The IPCC WG3 SPM (Section D.1.4) explicitly recommends reforestation, forest conservation, and restoration of natural ecosystems and biodiversity as high-synergy mitigation options. However, most G20 NDC2s fall short — only UK and Canada make explicit NbS commitments; Brazil, Indonesia, and Argentina mention forests/ecosystems but without quantified targets; while USA, India, South Korea, Mexico, and Saudi Arabia include no NbS or biodiversity protection commitments at all. WG3 Chapter 13 itself confirms the gap, noting only that ""some NDCs include EbA and NbS.""",Partial,"The directional finding (G20 NDC2s lack quantified NbS targets vs. IPCC recommendations) is supported by the documents, but the specific ""10–12 GtCO₂e/year"" figure and ""WG3 Chapter 7"" reference cannot be verified as that chapter is absent from the zip.","IPCC AR6 identifies forest conservation, reforestation, ecosystem restoration and biodiversity protection as mitigation and adaptation options with important co-benefits. Several G20 NDCs, including Brazil, Indonesia, Argentina, the United Kingdom and Canada, contain forest, ecosystem or nature-based measures, but the form and specificity vary widely. Many do not state quantified biodiversity outcomes, safeguards or implementation indicators. The gap is therefore incomplete and uneven specification of nature and biodiversity results, not wholesale absence of nature-based action across the G20 corpus; the unsupported 10-12 GtCO2e per year figure is not used.",Revise,Removed an unverifiable aggregate potential figure and corrected overly exclusive country coverage.,"WG3_SPM_2022, Section D.1.4; nature and forest passages in Brazil, Indonesia, Argentina, UK, Canada and other NDCs",Adjudicated,Not obtained,v1.0
31,C001,COMPARATIVE,HARD,Compare the 2030 GHG reduction targets of the United States and the European Union. Which is more ambitious and why?,Compare the 2030 GHG reduction targets of the United States and the European Union. Which is more ambitious and why?,No,"The USA targets 50-52% reduction below 2005 levels by 2030. The EU targets at least 55% net reduction below 1990 levels by 2030. Comparing ambition requires adjusting for different baseline years. The EU's 1990 baseline includes post-Soviet economic decline in Eastern Europe, making direct comparison difficult. Climate Action Tracker rates both as 'insufficient' relative to a 1.5°C pathway, though the EU target is generally considered marginally more ambitious on a per-capita basis.","The US (NDC2_2021_USA) targets 50–52% below 2005 levels by 2030 (base emissions: 6,635 Mt CO₂e), while the EU (NDC2_2020_EU) targets at least 55% below 1990 levels by 2030 through domestic measures only. However, the EU document notes emissions had already fallen ~26% below 1990 by 2019, with peaks as far back as 1979, meaning much of the reduction reflects prior structural change. The US document notes it was already at 17% below 2005 by 2020, cutting from a higher, more recent baseline. On headline numbers the EU leads, but the real-world ambition gap is smaller than it appears.",Partial,The existing answer is partially correct but includes claims outside the documents. My answer stays fully within the documents while providing stronger context.,"The United States targets a 50-52% reduction below 2005 levels by 2030, while the European Union targets at least a 55% net domestic reduction below 1990 levels by 2030. The EU has the larger headline percentage, but the different baselines and emissions histories prevent a defensible direct ranking without converting both targets to a common absolute-emissions basis. The NDCs themselves report that the EU was about 26% below 1990 in 2019 and the United States about 17% below 2005 in 2020, but those contextual values do not by themselves complete a harmonised comparison.",Clarify,Removed external ratings and per-capita judgements and framed ambition as not directly rankable without harmonisation.,"NDC2_2021_USA, pp. 2-3; NDC2_2020_EU, pp. 6, 12",Adjudicated,Not obtained,v1.0
65,G010,GAP DETECTION,HARD,What is the gap in G20 NDC2 submissions regarding loss and damage compared to IPCC AR6 WG2 findings on irreversible climate impacts?,What is the gap in G20 NDC2 submissions regarding loss and damage compared to IPCC AR6 WG2 findings on irreversible climate impacts?,No,"IPCC AR6 WG2 Chapter 17 states that loss and damage from climate change is now unavoidable even with adaptation, and financial mechanisms for loss and damage are urgently needed. Among G20 NDC2 submissions: no developed G20 nation provides specific loss and damage finance commitments. The term 'loss and damage' appears in some developing nation NDCs (India mentions impacts) but without specific finance amounts. GAP: The IPCC explicitly calls for loss and damage finance mechanisms, but no G20 NDC2 includes a quantified loss and damage finance commitment from any developed nation.","WG2_SPM_2022.pdf (p.13) — actions limiting warming to 1.5°C ""cannot eliminate them all"" (very high confidence).  WG2_Chapter17 (p.25) — L&D assessments in NDCs ""have remained scarce"" (high confidence).  WG2_Chapter18 (p.72) — explicitly flags ""little consideration of the implications of NDCs for poverty and livelihoods"" and ""limits to adaptation"" as key barriers.  Against this, 15 of 17 G20 NDC2s contain zero mention of loss and damage. NDC2_2021_South_Africa.pdf and NDC2_2022_Indonesia.pdf make passing references only — no targets, no finance, no governance.",Partial,"Correct that no G20 NDC2 has quantified L&D finance commitments, but wrong that India mentions impacts (NDC2_2022_India.pdf has zero mentions). The gap is also deeper than finance alone — WG2_Chapter17 (p.25) explicitly states L&D assessments in NDCs ""have remained scarce,"" and WG2_SPM_2022.pdf (p.13) confirms losses cannot be eliminated even at 1.5°C.","IPCC WG2 concludes that losses and damages cannot be eliminated even under strong mitigation and that assessments of loss and damage in NDCs remain scarce. In the assessed G20 NDCs, explicit Loss and Damage treatment is rare, generally qualitative and not accompanied by quantified finance, governance or implementation commitments. South Africa and Indonesia contain limited references; many other submissions do not use the term. The gap is therefore limited explicit recognition and operational treatment within the NDC corpus, not a numerical shortfall from a single IPCC benchmark.",Revise,Removed the incorrect India reference and aligned the answer with D5's qualitative status.,"WG2_SPM_2022, p. 13; WG2_Chapter17_DecisionMakingRisk_2022, p. 25; relevant NDC Loss and Damage passages",Adjudicated,Not obtained,v1.0
8,F008,FACTUAL,EASY,What is the United Kingdom's 2030 greenhouse gas reduction target and the baseline year used?,What is the United Kingdom's 2030 greenhouse gas reduction target and the baseline year used?,No,"The United Kingdom commits to reducing economy-wide greenhouse gas emissions by at least 68 percent by 2030, compared to 1990 levels. This is the UK's first NDC submitted after leaving the European Union.","The United Kingdom commits to reducing economy-wide greenhouse gas emissions by at least 68 percent by 2030, compared to 1990 levels, as communicated in its NDC in December 2020.",Partial,"The 68% target and 1990 baseline are both correct. However, the claim that this is ""the UK's first NDC submitted after leaving the European Union"" is not supported anywhere in the document — that framing/context does not appear in NDC2_2022_UK.pdf and should be dropped or independently verified outside this source.",The United Kingdom commits to reducing economy-wide greenhouse gas emissions by at least 68% by 2030 relative to 1990 levels. The assessed NDC communicates this target without the additional Brexit-related characterization used in the original answer.,Clarify,Retained the correct target and baseline; removed contextual wording not supported by the source document.,"NDC2_2022_UK, p. 5",Adjudicated,Not obtained,v1.0
13,F013,FACTUAL,MEDIUM,What is Brazil's 2030 absolute emissions reduction target and baseline year?,What is Brazil's 2030 absolute emissions reduction target and baseline year?,No,"Brazil commits to reducing greenhouse gas emissions by 50 percent by 2030 compared to 2005 levels, as stated in its updated 2023 NDC adjustment. Brazil also commits to achieving climate neutrality by 2050.","Brazil commits to an absolute net greenhouse gas emission target in 2030 of 1.20 GtCO2e, consistent with a reduction of 53.1 percent compared to 2005 levels using 2005 as its reference year and further reiterates its long-term objective to achieve climate neutrality by 2050. ",Partial,"The baseline year (2005) and the 2050 climate neutrality commitment are correct. However, the reduction figure is wrong: the document states 53.1 percent, not 50 percent, for the 2030 target (corresponding to an absolute target of 1.20 GtCO2e). The ""2023 NDC adjustment"" framing is also not the title of the document used the file is NDC2_2022_Brazil.pdf.","Brazil's 2030 absolute net greenhouse-gas target is 1.20 GtCO2e, corresponding to a 53.1% reduction relative to 2005. The document also reiterates the objective of climate neutrality by 2050.",Revise,Corrected the 2030 reduction from 50% to 53.1% and added the stated absolute level.,"NDC2_2022_Brazil, pp. 1-2",Adjudicated,Not obtained,v1.0
14,F014,FACTUAL,MEDIUM,What are Indonesia's unconditional and conditional GHG reduction targets by 2030?,What are Indonesia's unconditional and conditional GHG reduction targets by 2030?,No,Indonesia commits to an unconditional reduction of 31.89 percent and a conditional reduction of 43.20 percent below the business-as-usual scenario by 2030. The conditional target depends on international support.,"Indonesia commits to an unconditional reduction of 29 percent against the business-as-usual (BAU) scenario by 2030, with the possibility of increasing this to a conditional reduction of up to 41 percent, subject to the availability of international support for finance, technology transfer, and capacity building.",None,"The figures in the existing answer (31.89% unconditional, 43.20% conditional) do not appear anywhere in NDC2_2022_Indonesia.pdf. The document explicitly states the unconditional target as 29% and the conditional target as up to 41% against the BAU scenario by 2030. The mechanism described (conditional on international support) is correctly characterized, but both numeric values in the existing answer are incorrect.","Indonesia commits to an unconditional reduction of 29% below its business-as-usual scenario by 2030 and states that the reduction could increase to up to 41% with international support, including finance, technology transfer and capacity building.",Revise,Replaced figures from a different Indonesian submission with the values in the assessed document.,"NDC2_2022_Indonesia, pp. 16, 20, 22",Adjudicated,Not obtained,v1.0
15,F015,FACTUAL,HARD,What are Indonesia's primary climate adaptation priorities identified in its NDC2?,What are Indonesia's primary climate adaptation priorities identified in its NDC2?,No,"Indonesia's NDC2 identifies the following primary adaptation priorities: food security and agriculture, water resources and watershed management, marine and coastal ecosystems, health, and cross-cutting issues including infrastructure resilience and climate resilient development pathways.","Indonesia's NDC2 frames its adaptation goal around reducing risk, enhancing adaptive capacity, strengthening resilience, and reducing vulnerability across all development sectors, organized into three core resilience areas: economic resilience, social and livelihood resilience, and ecosystem and landscape resilience. Within its National Medium-Term Development Plan (RPJMN 2020–2024), this is operationalized with a sectoral focus on water, agriculture, health, and coastal and marine ecosystems. ",Partial,"Sectors listed (water, health, agriculture, coastal/marine) overlap with the document, but the existing answer misses the primary framework: Indonesia's NDC2 organizes adaptation around three resilience pillars (economic, social/livelihood, ecosystem/landscape), not sectors. ""Infrastructure resilience"" and ""climate resilient development pathways"" are not stated as named priorities on this page.","Indonesia frames adaptation around three resilience areas: economic resilience; social and livelihood resilience; and ecosystem and landscape resilience. In implementation, it prioritises sectors including water, agriculture, health, and coastal and marine ecosystems, with the broader objectives of reducing risk and vulnerability and strengthening adaptive capacity and resilience.",Clarify,Reorganised the answer around the document's three resilience pillars and retained the supported sectoral priorities.,"NDC2_2022_Indonesia, adaptation section, pp. 24-33",Adjudicated,Not obtained,v1.0
19,F019,FACTUAL,HARD,What is South Africa's NDC2 emissions range target for the period 2025-2030?,What is South Africa's NDC2 emissions range target for the period 2025-2030?,No,South Africa commits to a greenhouse gas emission range of 350 to 420 MtCO2e per year for the period 2025 to 2030. This represents a peak-plateau-decline trajectory.,"South Africa's NDC2 sets two distinct single-year emissions targets rather than one continuous range: annual GHG emissions of 398–510 Mt CO2-eq for 2025 (covering implementation period 2021–2025), and 350–420 Mt CO2-eq for 2030 (covering implementation period 2026–2030), framed within a peak-plateau-decline trajectory carried forward from South Africa's first NDC. ",Partial,"The 350–420 MtCO2e figure and the peak-plateau-decline framing are both correct, but only for the 2030 target specifically. The existing answer mischaracterizes this single-year 2030 figure as covering the entire ""2025 to 2030"" period — the document actually specifies a separate, higher range (398–510 Mt CO2-eq) for 2025, with 350–420 Mt CO2-eq applying only to 2030.",South Africa specifies two separate single-year emissions ranges: 398-510 MtCO2e for 2025 and 350-420 MtCO2e for 2030. These targets sit within the country's peak-plateau-decline trajectory; the 350-420 range should not be described as applying continuously throughout 2025-2030.,Revise,Corrected the period characterization and distinguished the 2025 and 2030 ranges.,"NDC2_2021_South_Africa, pp. 4-5",Adjudicated,Not obtained,v1.0
22,F022,FACTUAL,EASY,What is Turkey's 2030 GHG reduction target relative to BAU?,What is Turkey's 2030 GHG reduction target relative to BAU?,No,Turkey commits to reducing greenhouse gas emissions by up to 41 percent compared to the business-as-usual scenario by 2030.,"Turkey commits to reducing economy-wide greenhouse gas emissions by 41 percent by 2030  equivalent to 695 Mt CO2 eq compared to the business-as-usual (BAU) scenario set out in its first NDC, with 2012 as the reference year. ",Partial,"The 41% figure and BAU comparison are correct, but the document states a fixed 41% target, not ""up to 41%"" there is no conditional or ceiling framing in the text. The existing answer also omits the base year (2012) and the absolute equivalent figure (695 Mt CO2 eq), both of which are explicitly stated in the document.",Türkiye commits to an economy-wide reduction of 41% below its business-as-usual projection by 2030. The target corresponds to emissions of about 695 MtCO2e in 2030 and uses 2012 as the reference year for the projection.,Clarify,"Removed 'up to', which is not used in the source, and added the stated reference year and absolute equivalent.","NDC2_2023_Turkey, pp. 1, 31-32",Adjudicated,Not obtained,v1.0
23,F023,FACTUAL,MEDIUM,What is Russia's 2030 GHG reduction target and the baseline used in its NDC2?,What is Russia's 2035 GHG target and the baseline used in its second NDC?,Yes,"Russia commits to limiting greenhouse gas emissions to 70 percent of 1990 levels by 2030, which is equivalent to a 30 percent reduction below 1990 levels, subject to maximum possible accounting of the absorptive capacity of forests.","Russia's current (second) NDC commits to reducing greenhouse gas emissions by up to 65–67 percent compared to 1990 levels but by 2035, not 2030 taking into account the maximum possible absorptive capacity of forests and other natural ecosystems, and subject to sustainable socio-economic development conditions. ",None,"The existing answer's figures belong to Russia's first NDC (2020), not its second NDC. The document explicitly states the second NDC supersedes the first with a different, later target: 65–67% of 1990 levels by 2035 (not 70% by 2030). The forest absorption caveat is correctly characterized, but both the percentage and the target year in the existing answer are incorrect for NDC2.","The question's 2030 premise reflects Russia's earlier NDC, not the assessed second NDC. Russia's second NDC states a 2035 target of reducing greenhouse-gas emissions by 65-67% relative to 1990, taking into account the maximum possible absorptive capacity of forests and other ecosystems and subject to sustainable socio-economic development conditions.",Reconstruct,Replaced the first-NDC 2030 target with the second-NDC 2035 target.,"NDC2_2022_Russia, pp. 3-4, 37",Adjudicated,Not obtained,v1.0
25,F025,FACTUAL,MEDIUM,"According to IPCC AR6 WG3, what renewable electricity share is required by 2050 for 1.5 degree pathways?",What does IPCC AR6 WG3 report about low-carbon electricity and electrification by 2050 in mitigation pathways?,Yes,IPCC AR6 WG3 Chapter 6 states that renewable electricity reaches 70 to 85 percent of global electricity supply by 2050 in pathways that limit warming to 1.5°C with no or limited overshoot.,"The documents do not contain the figure ""70–85 percent renewable electricity by 2050."" What WG3_Chapter06_EnergySystems_2022.pdf (Executive Summary) actually states is that low-carbon sources (not specifically ""renewables"" this includes nuclear and CCS-fossil) produce 93–97% of global electricity by 2050 in 2°C (>67%) pathways, and that electricity supplies 48–58% of final energy by 2050 in 1.5°C (>50%) no-or-limited-overshoot pathways, up from 20% in 2019.",None,"The ""70 to 85 percent"" figure does not appear anywhere in WG3_Chapter06_EnergySystems_2022.pdf, the WG3 SPM, or the WG3 Technical Summary. The chapter's actual headline figures are 93–97% low-carbon electricity share by 2050 (2°C pathway, not specifically ""renewable"") and 48–58% electricity-as-share-of-final-energy by 2050 (1.5°C pathway) — both materially different from the claimed figure and the claimed metric.","The assessed IPCC chapter does not state that renewables must supply 70-85% of global electricity by 2050. It reports that low-carbon sources, a broader category that includes renewables and other low-carbon technologies, provide about 93-97% of global electricity by 2050 in the referenced below-2°C pathways; it also reports that electricity supplies about 48-58% of final energy by 2050 in 1.5°C no- or limited-overshoot pathways. A single renewable-electricity share for 1.5°C pathways cannot be taken from this source.",Reconstruct,Removed a figure not present in the source and distinguished low-carbon electricity from renewable electricity.,"WG3_Chapter06_EnergySystems_2022, Executive Summary and pp. 6-8",Adjudicated,Not obtained,v1.0
27,F027,FACTUAL,HARD,"According to IPCC AR6 WG3, what share of global electricity supply did renewables reach by 2019 and what was the cost trend?","According to IPCC AR6 WG3, what share of global electricity supply did renewables reach by 2019 and what was the cost trend?",No,IPCC AR6 WG3 reports that renewables accounted for about 29 percent of global electricity supply in 2019. The cost of solar PV fell by approximately 85 percent and wind energy by approximately 55 percent between 2010 and 2019.,"The documents do not state ""29 percent"" for renewables' 2019 electricity share; WG3_Chapter06_EnergySystems_2022.pdf instead reports solar PV and wind together at 8%, hydroelectric at 16% (combined ~24% renewables), with total low- and zero-carbon electricity (including nuclear) at 37% of global generation in 2019. The cost figures are correct: WG3_SPM_2022.pdf (Page 15) confirms solar energy costs fell 85% and wind energy costs fell 55% between 2010 and 2019.",Partial,"The cost trend figures (85% solar, 55% wind, 2010–2019) are verified exactly. The ""29 percent"" renewable electricity share for 2019 does not appear in either document and should be corrected to the figures actually stated (8% solar+wind, 16% hydro, 37% total low-carbon).","IPCC AR6 WG3 reports that in 2019 solar and wind supplied about 8% of global electricity and hydropower about 16%, implying roughly 24% from these renewable sources; including nuclear, low- or zero-carbon sources supplied about 37%. Between 2010 and 2019, unit costs fell by about 85% for solar PV and 55% for wind power.",Revise,Replaced the unsupported 29% renewable-share figure with the component shares stated in the chapter while retaining the verified cost trends.,"WG3_Chapter06_EnergySystems_2022, Executive Summary",Adjudicated,Not obtained,v1.0
30,F030,FACTUAL,HARD,What international climate finance condition does India attach to its NDC2 commitments?,What international climate finance condition does India attach to its NDC2 commitments?,No,"India conditions its NDC2 targets on receiving adequate technology transfer, capacity building, and climate finance from developed countries. Specifically, the 50 percent non-fossil electricity capacity target and the 45 percent emissions intensity reduction are described as conditional on international support as per the provisions of the UNFCCC and Paris Agreement.","India explicitly conditions only its non-fossil electricity capacity target (50% by 2030) on receiving ""transfer of technology and low-cost international finance including from Green Climate Fund (GCF)."" The 45% emissions intensity reduction target carries no such conditional language in the document  it is stated unconditionally. ",Partial,"The conditionality on the 50% non-fossil capacity target (technology transfer, GCF finance) is correctly stated. However, the claim that the 45% emissions intensity target is ""described as conditional on international support"" is not supported — the document attaches no such condition to that target; it is presented as an unconditional commitment.","India explicitly states that its target of about 50% cumulative installed electric-power capacity from non-fossil sources by 2030 is to be achieved with technology transfer and low-cost international finance, including from the Green Climate Fund. The updated NDC does not attach the same explicit condition to every headline target, so the condition should not be generalized to the entire NDC.",Clarify,Narrowed the condition to the commitment to which it is explicitly attached.,"NDC2_2022_India, p. 3",Adjudicated,Not obtained,v1.0
32,C002,COMPARATIVE,HARD,"Compare the net zero target years and legislative bases of the UK, EU, Canada, and Japan.","Compare the net zero target years and legislative bases of the UK, EU, Canada, and Japan.",No,"UK: net zero by 2050, enshrined in Climate Change Act (amended 2019). EU: climate neutrality by 2050, enshrined in European Climate Law (2021). Canada: net zero by 2050, enshrined in Canadian Net-Zero Emissions Accountability Act (2021). Japan: carbon neutral by 2050, announced in 2020 and reflected in NDC2.","The UK's Climate Change Act 2008 was amended on 27 June 2019 to set a legally-binding net zero by 2050 target; the EU commits to climate neutrality by 2050 under its agreed objective, governed by Regulation (EU) 2018/1999 and the European Climate Law; Canada's net zero by 2050 commitment is codified in the Canadian Net-Zero Emissions Accountability Act, which received Royal Assent on 29 June 2021; and Japan's net-zero by 2050 goal was made a Basic Principle of law through the Act Partially Amending the Act on Promotion of Global Warming Countermeasures (Act No. 54 of 2021)  not merely announced.",Partial,"The UK, EU, and Canada entries are verified exactly. The Japan entry is incorrect: net-zero by 2050 is not just ""announced... and reflected in NDC2"" — it is legislatively codified as a Basic Principle under Act No. 54 of 2021, the same legislative-basis category as the other three countries.","All four jurisdictions state a 2050 net-zero or climate-neutrality objective. In the United Kingdom, the Climate Change Act 2008 was amended in 2019 to establish net zero by 2050. The EU objective is embedded in the European Climate Law and related governance framework. Canada's objective is codified in the Canadian Net-Zero Emissions Accountability Act. Japan's 2050 carbon-neutrality objective was incorporated as a basic principle through the 2021 amendment to the Act on Promotion of Global Warming Countermeasures.",Revise,Corrected Japan's target from an announcement-only characterization to a legislatively codified objective.,"NDC2_2022_UK, pp. 6-7; NDC2_2020_EU, pp. 2, 12; NDC2_2021_Canada, pp. 1-3; NDC2_2021_Japan, pp. 1-4",Adjudicated,Not obtained,v1.0
33,C003,COMPARATIVE,HARD,Compare India's and China's renewable energy commitments in their NDC2 submissions. Which country has a more specific and measurable target?,Compare India's and China's renewable energy commitments in their NDC2 submissions. Which country has a more specific and measurable target?,No,"India commits to 50 percent cumulative electric power installed capacity from non-fossil fuel-based energy resources by 2030. China commits to over 1,200 GW of wind and solar capacity by 2030 and 25 percent non-fossil fuels in primary energy. China's capacity target (1,200 GW) is more specific and measurable than India's percentage share target, which lacks a clear baseline. However, India's target is directly tied to electricity capacity share, while China's mixes capacity with primary energy metrics.","India commits to 50% cumulative installed electric power capacity from non-fossil sources by 2030 (NDC2_2022_India.pdf, p.3); China commits to over 1.2 billion kW (1,200 GW) of wind and solar capacity plus 25% non-fossil fuels in primary energy consumption by 2030 (NDC2_2021_China.pdf, p.8). China's absolute GW figure is more directly quantifiable as a single number, but neither document provides a baseline capacity figure for comparison, so the claim that only India's target ""lacks a clear baseline"" is not supported by either text.",Partial,"The two targets are stated correctly. The comparative conclusion (China's target being more specific/measurable) is a reasonable reading, but the supporting claim that India's target ""lacks a clear baseline"" while implying China's has one is incorrect — neither NDC2_2022_India.pdf nor NDC2_2021_China.pdf states a current baseline capacity figure for the respective targets.","India targets about 50% cumulative installed electric-power capacity from non-fossil sources by 2030. China targets more than 1,200 GW of wind and solar capacity and about 25% non-fossil energy in primary-energy consumption by 2030. China's absolute-capacity figure is the more directly measurable single quantity, although the targets use different metrics and neither NDC supplies a current baseline value that would allow a complete like-for-like progress comparison.",Clarify,Retained the comparison but removed the unsupported implication that only India lacks a baseline.,"NDC2_2022_India, p. 3; NDC2_2021_China, p. 8",Adjudicated,Not obtained,v1.0
34,C004,COMPARATIVE,HARD,"Why is it difficult to directly compare Japan's 2030 target with the USA's 2030 target, and how should researchers adjust for this?","Why is it difficult to directly compare Japan's 2030 target with the USA's 2030 target, and how should researchers adjust for this?",No,"Japan uses fiscal year 2013 as its baseline, while the USA uses calendar year 2005. These are different years with different emission levels, making a direct percentage comparison misleading. Japan's 46% below 2013 translates to approximately a 50% reduction below 2005 levels when adjusted using emission trajectories, making the targets roughly comparable. Researchers should convert all targets to a common reference year (e.g., 2019 or absolute MtCO2e) for valid cross-country comparisons.","The documents confirm only the baseline mismatch itself: Japan's target (46% reduction by fiscal year 2030) is set against a fiscal year 2013 baseline, while the USA's target (50–52% reduction by 2030) is set against a 2005 baseline different reference years with different national emission levels, making a direct percentage comparison without adjustment unreliable. Neither NDC2_2021_Japan.pdf nor NDC2_2021_USA.pdf contains any stated conversion factor, ""2005-equivalent"" recalculation, or recommended common-reference-year methodology.",Partial,"The core observation  different baseline years (2013 vs. 2005) make direct comparison misleading is correct and verifiable. However, the specific claim that ""46% below 2013 translates to approximately 50% below 2005"" and the recommendation to use ""2019 or absolute MtCO2e"" as a common reference do not appear in either document these are external analytical additions, not findings from the source texts, and should not be presented as document-grounded.","Japan's 2030 target is a 46% reduction from fiscal-year 2013 emissions, whereas the United States targets a 50-52% reduction from 2005 emissions. The percentages therefore cannot be compared directly. Researchers should convert both to absolute emissions using compatible inventory data and then express them against a common base year, or classify the comparison as not directly comparable if the required data and methodological assumptions are unavailable.",Clarify,"Kept the baseline-mismatch finding, removed an unsupported conversion, and specified a transparent harmonisation method.","NDC2_2021_Japan, pp. 1-2; NDC2_2021_USA, pp. 2-3",Adjudicated,Not obtained,v1.0
35,C005,COMPARATIVE,HARD,"Compare the use of conditional targets in Indonesia's, Mexico's, and India's NDC2 submissions.","Compare the use of conditional targets in Indonesia's, Mexico's, and India's NDC2 submissions.",No,"All three countries use conditional and unconditional target structures. Indonesia: 31.89% unconditional, 43.20% conditional. Mexico: 35% unconditional, 40% conditional. India: all major targets are conditional on international support, including the 50% non-fossil capacity target. Indonesia has the largest gap between conditional and unconditional targets (11.3 percentage points), indicating greatest dependence on international finance.","Mexico (35% unconditional / 40% conditional) is correct. Indonesia's actual figures are 29% unconditional / up to 41% conditional — not 31.89%/43.20% — so the real gap is 12 points, not 11.3. India conditions only its 50% non-fossil capacity target, not ""all major targets.""",Partial,Mexico correct; Indonesia's figures and resulting gap calculation are wrong; India's conditionality is overstated.,"Indonesia states a 29% unconditional reduction below BAU by 2030 and up to 41% with international support, a 12-percentage-point difference. Mexico states a 35% target, comprising at least 30 percentage points from domestic resources and 5 from international cooperation or finance, with ambition rising to 40% under additional support. India does not present a full economy-wide conditional/unconditional split; it explicitly attaches international finance and technology-transfer conditions to its 50% non-fossil installed-capacity commitment and discusses broader implementation support needs.",Revise,Corrected Indonesia's figures and avoided treating all Indian targets as formally conditional.,"NDC2_2022_Indonesia, pp. 16, 20, 22; NDC2_2022_Mexico, pp. 9, 17-18; NDC2_2022_India, p. 3",Adjudicated,Not obtained,v1.0
36,C006,COMPARATIVE,HARD,Compare the 2030 ambition level of Australia's NDC2 against the UK's NDC2 using the same baseline year.,Compare the 2030 ambition level of Australia's NDC2 against the UK's NDC2 using the same baseline year.,No,"Australia targets 43% below 2005 levels by 2030. The UK targets at least 68% below 1990 levels by 2030. When UK's target is rebaselined to 2005, it is approximately 50-53% below 2005 levels, slightly above Australia's 43%. The UK is generally rated more ambitious by Climate Action Tracker. Both countries target net zero by 2050.","Australia targets 43% below 2005 by 2030 (NDC2_2022_Australia.pdf, p.3); UK targets at least 68% below 1990 by 2030 (NDC2_2022_UK.pdf, p.5). Neither document contains a 2005-rebaselining calculation or any Climate Action Tracker reference direct comparison requires external calculation not found in either NDC.",Partial,"The two headline figures and both 2050 net zero commitments are correct, but the ""50-53% rebaselined"" figure and CAT rating appear in neither document; they are external additions, not document-grounded findings.","Australia targets a 43% reduction below 2005 levels by 2030, whereas the United Kingdom targets at least 68% below 1990 levels. A same-baseline comparison cannot be produced from the two NDCs alone because neither document provides the conversion needed to restate both targets against one common year. Any ranking would require compatible historical inventory data and explicit treatment of land-use accounting; otherwise the comparison should remain not directly comparable.",Clarify,Removed an unsupported rebaselined percentage and external rating.,"NDC2_2022_Australia, pp. 2-3; NDC2_2022_UK, p. 5",Adjudicated,Not obtained,v1.0
37,C007,COMPARATIVE,HARD,How do Brazil's and Indonesia's NDC2 submissions differ in their approach to forest-related climate commitments?,How do Brazil's and Indonesia's NDC2 submissions differ in their approach to forest-related climate commitments?,No,"Brazil's NDC2 commits to ending illegal deforestation by 2030 and restoring 12 million hectares of forests, treating forests primarily as a mitigation tool via LULUCF accounting. Indonesia's NDC2 includes a forestry and peatland sector with specific emission reduction targets and emphasises sustainable forest management as both mitigation and adaptation. Indonesia is more explicit about adaptation co-benefits, while Brazil focuses more on absolute deforestation cessation.","Brazil commits to zero deforestation by 2030 under the PPCDAm Action Plan not ""illegal deforestation,"" and no ""12 million hectares"" figure appears anywhere in the document (NDC2_2022_Brazil.pdf, p.9). Indonesia treats forestry through an explicit FOLU (Forestry and Other Land Use) sector with quantified peatland restoration targets and rewetting/revegetation assumptions (NDC2_2022_Indonesia.pdf, p.36), reflecting a more sector-granular approach than Brazil's single deforestation target.",Partial,"Indonesia's FOLU/peatland-sector framing is accurate, but Brazil's commitment is ""zero deforestation,"" not ""illegal deforestation,"" and ""12 million hectares"" is not stated in NDC2_2022_Brazil.pdf.","Brazil commits to zero deforestation by 2030 under its forest action framework and refers to restoration of degraded lands. Indonesia treats forests through an explicit Forestry and Other Land Use sector, including quantified peatland-restoration, rewetting and revegetation assumptions. Indonesia's approach is more sector-granular and quantified, while Brazil's NDC foregrounds the zero-deforestation objective; the assessed Brazilian document does not state a 12-million-hectare restoration figure.",Revise,Corrected 'illegal deforestation' to 'zero deforestation' and removed an unsupported restoration-area figure.,"NDC2_2022_Brazil, pp. 6-9; NDC2_2022_Indonesia, pp. 35-38",Adjudicated,Not obtained,v1.0
38,C008,COMPARATIVE,HARD,Which G20 countries in the corpus explicitly mention carbon pricing mechanisms in their NDC2 submissions?,Which G20 countries in the corpus explicitly mention carbon pricing mechanisms in their NDC2 submissions?,No,South Korea explicitly mentions its Emissions Trading Scheme (K-ETS) as a central mechanism for achieving its 40% reduction target. The EU references the EU ETS as a core policy instrument. Canada references its carbon pricing system. Japan mentions its Green Innovation Fund and transition finance mechanisms but is less explicit about carbon pricing. China references its national ETS launched in 2021.,"South Korea, the EU, Canada, and China all explicitly mention carbon pricing mechanisms: South Korea details its K-ETS covering 73.5% of national emissions (NDC2_2021_South_Korea.pdf, p.6); the EU references its EU ETS, operational since 2005 (NDC2_2020_EU.pdf, p.3); Canada describes its federal-provincial carbon pricing system including cap-and-trade and carbon tax variants (NDC2_2021_Canada.pdf, p.5); and China describes building its national ETS ""by stages"" from prior pilot programs, though no specific 2021 launch date appears in the text (NDC2_2021_China.pdf, p.14). Japan's NDC2 contains zero mentions of carbon pricing, carbon tax, or emissions trading.",Partial,"All five countries' inclusion/exclusion is correct, but China's ""launched in 2021"" detail is not stated in the document (it describes phased construction, not a specific launch year), and Japan's ""Green Innovation Fund"" claim does not appear anywhere in NDC2_2021_Japan.pdf.","Explicit carbon-pricing or emissions-trading mechanisms are described in the NDCs of the European Union (EU ETS), Canada (federal and provincial carbon-pricing systems), China (the national carbon market/ETS), South Korea (K-ETS), Mexico (its emissions-trading system and carbon-price instruments), Türkiye (planned emissions-trading and allowance-allocation framework), and Russia (carbon-market and regional carbon-pricing initiatives). Japan's assessed NDC does not explicitly describe a carbon-pricing mechanism. The list refers only to mechanisms stated in the corpus and does not imply equivalent coverage or stringency.",Revise,Expanded the list after an exhaustive corpus search and removed unsupported Japan wording.,"NDC2_2020_EU, pp. 8-9; NDC2_2021_Canada, pp. 2-5, 28; NDC2_2021_China, p. 14; NDC2_2021_South_Korea, p. 10; NDC2_2022_Mexico, relevant mitigation-policy sections; NDC2_2023_Turkey, mitigation-policy section; NDC2_2022_Russia, carbon-market sections",Adjudicated,Not obtained,v1.0
41,C011,COMPARATIVE,HARD,Compare the greenhouse gas scope coverage between Saudi Arabia's NDC2 and South Africa's NDC2.,Compare the greenhouse gas scope coverage between Saudi Arabia's NDC2 and South Africa's NDC2.,No,"Saudi Arabia's NDC2 covers CO2, CH4, and N2O but emphasises circular carbon economy principles including carbon capture and utilisation. South Africa's NDC2 covers all six Kyoto Protocol gases (CO2, CH4, N2O, HFCs, PFCs, SF6) and uses a peak-plateau-decline trajectory rather than a single year target. South Africa's coverage is more comprehensive in gas scope, while Saudi Arabia places greater emphasis on carbon management technologies.","South Africa's NDC2 explicitly defines its gas scope as five greenhouse gases — CO2, CH4, N2O, HFCs, and PFCs — and explicitly states it excludes SF6 and NF3 due to lack of data, not all six Kyoto gases as claimed (NDC2_2021_South_Africa.pdf). Saudi Arabia's NDC2 does not contain an explicit gas-by-gas scope statement; it instead emphasizes Circular Carbon Economy measures including CCUS (Section 4.3) and a dedicated methane management section with a 30% methane reduction commitment under the Global Methane Pledge (Section 4.5) (NDC2_2021_Saudi_Arabia.pdf).",Partial,"South Africa's gas count is wrong: it covers five gases, not all six Kyoto Protocol gases, and explicitly excludes SF6 and NF3. The peak-plateau-decline framing for South Africa and the circular carbon economy/CCUS emphasis for Saudi Arabia are both correct, but Saudi Arabia's ""CO2, CH4, N2O"" gas-scope claim is not explicitly stated in the document in that form.","South Africa explicitly covers CO2, CH4, N2O, HFCs and PFCs and states that SF6 and NF3 are excluded because of data limitations. Saudi Arabia's NDC does not provide the same gas-by-gas coverage table; it instead emphasizes a Circular Carbon Economy, CCUS and methane-management actions. The documents therefore differ both in reporting transparency and in how mitigation scope is described.",Revise,Corrected South Africa's gas scope and avoided inferring an explicit Saudi gas list not stated in the document.,"NDC2_2021_South_Africa, ICTU gas-coverage table; NDC2_2021_Saudi_Arabia, Sections 4.3 and 4.5",Adjudicated,Not obtained,v1.0
43,C013,COMPARATIVE,HARD,Which countries in the G20 corpus include explicit electric vehicle targets in their NDC2 submissions?,Which countries in the G20 corpus include explicit electric vehicle targets in their NDC2 submissions?,No,"South Korea includes explicit EV targets in its NDC2, targeting 3.62 million electric vehicles and 290,000 hydrogen vehicles by 2030. The UK targets ending the sale of new petrol and diesel cars by 2030. The EU references the Green Deal's ambition for 30 million zero-emission vehicles by 2030. China mentions targets for new energy vehicles as part of its sectoral roadmap but the NDC2 text is less specific.","Among G20 NDC2s, the UK (p.17) commits to ending new petrol/diesel car sales by 2030; Australia (p.3), Canada (pp.25-36), China (pp.24-34), Russia (pp.13-15,33) mention EV deployment/infrastructure; South Korea (p.3) references ""zero-emission vehicles"" with no numeric target; EU has no explicit EV target (only general Green Deal mentions, pp.71,238). Source: respective NDC2 PDFs (UK, Australia, Canada, China, Russia, South_Korea, EU).",Partial,"Qualitative direction matches, but the specific figures cited (South Korea's 3.62M EVs/290K hydrogen vehicles, EU's 30M zero-emission vehicles) do not appear in the actual document text they're unverifiable/likely sourced from outside the corpus.","The clearest explicit vehicle target is the United Kingdom's commitment to end sales of new petrol and diesel cars by 2030. Australia, Canada, China and Russia describe electric-vehicle deployment, incentives or charging infrastructure, and South Korea states that it has raised its zero-emission-vehicle deployment objective, but the assessed NDC text does not give the large numerical vehicle totals used in the original answer. The EU NDC refers to broader Green Deal measures but does not contain the claimed 30-million-vehicle target. These references differ in specificity and should not all be treated as equivalent quantified targets.",Revise,Removed numerical EV figures not present in the assessed NDCs and distinguished targets from qualitative measures.,"NDC2_2022_UK, p. 17; NDC2_2022_Australia, p. 3; NDC2_2021_Canada, transport sections; NDC2_2021_China, transport sections; NDC2_2022_Russia, transport sections; NDC2_2021_South_Korea, p. 3; NDC2_2020_EU",Adjudicated,Not obtained,v1.0
45,C015,COMPARATIVE,HARD,Which G20 NDC2 submissions in the corpus explicitly address just transition principles for workers in fossil fuel industries?,Which G20 NDC2 submissions in the corpus explicitly address just transition principles for workers in fossil fuel industries?,No,"South Africa's NDC2 is the most explicit about just transition, dedicating a section to the Presidential Climate Commission and the need to manage coal sector decline affecting 120,000 direct workers. The UK mentions its Just Transition Commission for Scotland. Canada references just transition for oil and gas workers. Most other G20 NDC2 submissions mention the concept but without specific worker protection commitments or finance mechanisms.","South Africa's NDC2 (pp.3,5-6,13,15,28-31) is the most explicit, detailing a Presidential Climate Commission overseeing the country's just transition. Argentina (pp.7,22,25,26,43,100), Canada (pp.9,39), Indonesia (pp.14,29), Turkey (pp.4,27,28,35), South Korea (pp.5,14), UK (pp.6,19,23,48), Russia (p.23), and EU (p.2, via Just Transition Fund) also reference just transition, though mostly in general terms without specific worker-number commitments. Source: NDC2 PDFs for South_Africa, Argentina, Canada, Indonesia, Turkey, South_Korea, UK, Russia, and EU.",Partial,"South Africa being the most explicit is correct, but the specific ""120,000 direct workers"" figure, the UK's ""Just Transition Commission for Scotland,"" and Canada's ""oil and gas workers"" reference do not appear in the actual document text these are not verifiable from the corpus. Also, more countries (Argentina, Indonesia, Turkey, Russia, South Korea, EU) mention just transition than the existing answer's ""most other submissions"" framing suggests.","South Africa provides the most detailed just-transition treatment, including an institutional role for the Presidential Climate Commission. Argentina, Canada, Indonesia, Türkiye, South Korea, the United Kingdom, Russia and the European Union also refer to just transition or related fairness considerations, generally with less worker-specific detail. The assessed corpus does not support the original claims about 120,000 South African workers, a Scottish Just Transition Commission in the UK NDC, or a specific Canadian oil-and-gas-worker commitment.",Revise,Broadened the documented country coverage and removed unsupported details.,"NDC2_2021_South_Africa, pp. 3, 5-6, 13, 15, 28-31; relevant just-transition passages in Argentina, Canada, Indonesia, Türkiye, South Korea, UK, Russia and EU NDCs",Adjudicated,Not obtained,v1.0
46,C016,COMPARATIVE,HARD,Which has a more ambitious 2030 target relative to the IPCC 1.5°C benchmark — India or Australia?,Which has a more ambitious 2030 target relative to the IPCC 1.5°C benchmark — India or Australia?,No,"Both India and Australia have targets rated as insufficient by Climate Action Tracker relative to a 1.5°C pathway. Australia's 43% absolute reduction below 2005 by 2030 is a stronger unconditional commitment than India's conditional 50% non-fossil capacity target. However, India's per-capita emissions are far lower, and its development context means the CBDR principle is relevant. The IPCC WG3 requires 43% global GHG reduction by 2030 vs 2019 — neither country's current NDC meets this benchmark on its own.","ustralia's NDC2 (pp.1-6, target table p.3) sets a more ambitious, unconditional 2030 target 43% absolute GHG reduction below 2005 levels versus India's NDC2 (p.1) target of 45% emissions-intensity reduction (not absolute) and 50% non-fossil power capacity by 2030. Per IPCC WG3 SPM (p. with C.1.1, ~p.17), a 1.5°C-aligned pathway requires a 43% global reduction from 2019 levels by 2030; neither target is directly comparable to this global benchmark since both are intensity/sector-based or base-year-2005 framed, not 2019-baseline absolute cuts. Source: NDC2_2022_Australia.pdf, NDC2_2022_India.pdf, WG3_SPM_2022.pdf.",Partial,"The core comparison (Australia's 43% absolute cut vs India's intensity/non-fossil targets) and IPCC's 43%-by-2030 benchmark are confirmed in the documents, but the existing answer's claims about India's target being ""conditional"" and references to ""per-capita emissions""/CBDR are not found anywhere in India's NDC2 text  these are external additions not supported by the corpus.","Australia's NDC contains an economy-wide 43% absolute reduction below 2005 by 2030. India's updated NDC contains a 45% emissions-intensity reduction below 2005 and a 50% non-fossil installed-capacity target. Neither can be compared directly with the IPCC's global 43% reduction from 2019 by 2030 because the metrics and baselines differ. Australia has the clearer absolute economy-wide target, but the corpus does not support a like-for-like judgement that either national target is more aligned with the global pathway without harmonisation and equity assumptions.",Clarify,Removed external ratings and recast the result as a metric-comparability problem.,"NDC2_2022_Australia, pp. 2-3; NDC2_2022_India, p. 3; WG3_SPM_2022, p. 21",Adjudicated,Not obtained,v1.0
48,C018,COMPARATIVE,HARD,Compare how Russia and Brazil account for LULUCF in their NDC2 submissions.,Compare how Russia and Brazil account for LULUCF in their NDC2 submissions.,No,"Russia's NDC2 explicitly conditions its 30% reduction target on maximum possible accounting of the absorptive capacity of forests, potentially allowing significant LULUCF credits that could weaken effective mitigation. Brazil's NDC2 focuses on halting illegal deforestation by 2030 and restoring forest cover, treating forests as an active mitigation measure rather than an accounting offset. Russia's approach raises more concerns about LULUCF accounting loopholes.","Russia's NDC2 (pp.3,5-6,16-20,23,25,29-31,34,36-37) conditions its target (reduction to 70% of 1990 emission levels by 2030/2035, i.e. ~30% cut) on taking into account ""the maximum possible absorptive capacity of forests and other ecosystems,"" explicitly building large LULUCF sink credits into the target. Brazil's NDC2 (pp.4,6-7,9) instead commits to zero (illegal) deforestation by 2030 under the PPCDAm action plan and references restoration of degraded lands, framing forests as an active mitigation/protection measure rather than a target-conditioning offset. Source: NDC2_2022_Russia.pdf, NDC2_2022_Brazil.pdf.",Partial,"The core distinction (Russia conditioning its target on forest absorptive capacity vs. Brazil's deforestation/restoration commitments) is confirmed in the documents, but the existing answer says ""30% reduction target,"" while the document actually states the target as ""reduction to 70% of 1990 levels"" (mathematically equivalent but not phrased that way), and Brazil's NDC2 text says ""zero deforestation,"" not ""halting illegal deforestation"" as worded in the existing answer.","Russia's second NDC makes extensive forest and ecosystem absorption part of the target's accounting condition, requiring the maximum possible absorptive capacity to be taken into account. Brazil instead commits to zero deforestation by 2030 and refers to restoration and forest-protection actions. The documents therefore use LULUCF differently: Russia as a central sink-accounting condition, Brazil as an explicit mitigation-action area. This comparison does not by itself establish an accounting 'loophole'.",Clarify,Retained the substantive distinction while removing evaluative language and correcting Brazil's wording.,"NDC2_2022_Russia, pp. 3-6, 16-20, 36-37; NDC2_2022_Brazil, pp. 4, 6-9",Adjudicated,Not obtained,v1.0
49,C019,COMPARATIVE,HARD,Compare the overall ambition of G20 collective NDC2 targets against the IPCC-recommended 2030 pathway. Is the collective on track?,Compare the overall ambition of G20 collective NDC2 targets against the IPCC-recommended 2030 pathway. Is the collective on track?,No,"IPCC AR6 WG3 requires approximately 43% global GHG reduction by 2030 vs 2019. The IPCC Synthesis Report (2023) states that implementation of current NDCs would lead to approximately 10-16% GHG increase above 2019 levels by 2030, creating a significant emissions gap. The collective G20 NDC2 commitments fall substantially short of the 1.5°C pathway. Even if all NDCs were fully implemented, warming would be limited to approximately 2.5°C.","IPCC WG3 SPM (C.1.1) requires a 43% global GHG reduction by 2030 from 2019 levels for a 1.5°C pathway. The IPCC Synthesis Report 2023 (SPM A.4.3) states a substantial ""emissions gap"" exists, with NDCs announced before COP26 keeping 2030 emissions ""similar to or only slightly below 2019 levels,"" and that NDC-consistent pathways would lead to median global warming of 2.8°C [2.1-3.4°C] by 2100 making 1.5°C unlikely. This confirms the G20/global NDC collective falls well short of the 1.5°C pathway. Source: WG3_SPM_2022.pdf, SYR_FullVolume_2023.pdf.",Partial,"The 43% reduction benchmark and ""substantially falls short"" conclusion are confirmed, but the specific figures are wrong  the document does not state a ""10-16% increase"" (it instead says NDC emissions stay near/slightly below 2019 levels), and the projected warming is 2.8°C, not 2.5°C, as stated in the existing answer.","IPCC AR6 indicates that global greenhouse-gas emissions in 1.5°C pathways fall about 43% from 2019 levels by 2030. It also finds that NDCs announced before COP26 leave 2030 emissions similar to or only slightly below 2019 levels, creating a substantial emissions gap. The G20 NDCs in this corpus use heterogeneous metrics and baselines, so their percentages should not be arithmetically aggregated without harmonisation; nevertheless, the IPCC evidence supports the conclusion that the collective NDC trajectory is not aligned with the 1.5°C pathway. The corpus does not support the original specific 10-16% increase or 2.5°C claims as stated.",Revise,Kept the supported collective-gap conclusion and removed numerical claims not verified in the frozen corpus.,"WG3_SPM_2022, p. 21; SYR_FullVolume_2023, SPM emissions-gap passages",Adjudicated,Not obtained,v1.0
50,C020,COMPARATIVE,HARD,Which developing G20 countries in the corpus make the strongest explicit calls for adaptation finance from developed nations?,Which developing G20 countries in the corpus make the strongest explicit calls for adaptation finance from developed nations?,No,"India's NDC2 makes the most explicit calls for adaptation finance, stating that its adaptation efforts will require international financial support and that developed countries must honour their USD 100 billion per year commitment. South Africa's NDC2 also emphasises the need for climate finance for its just transition. Indonesia's NDC2 conditions its higher targets on international support. By contrast, Brazil's NDC2 focuses more on domestic mitigation commitments.","South Africa's NDC2 (p.13) makes the strongest explicit adaptation-finance call, specifying access to adaptation finance and a target of ""advancing adaptation finance by the private sector"" with funding goals around 4% of GDP. India's NDC2 (p.3) calls to ""mobilize domestic and new & additional funds from developed countries"" but does not mention a specific USD 100 billion figure. Indonesia's NDC2 (p.13) references securing financial support for adaptation planning. Brazil's NDC2 contains no comparable explicit adaptation-finance appeal. Source: NDC2_2021_South_Africa.pdf, NDC2_2022_India.pdf, NDC2_2022_Indonesia.pdf, NDC2_2022_Brazil.pdf.",Partial,"The general ranking and Brazil's contrast are roughly supported, but the existing answer's claim that India invokes the ""USD 100 billion per year commitment"" does not appear in India's NDC2 text, and South Africa not India has the most explicit/specific adaptation finance language in the corpus.","South Africa makes the most explicit quantified call for adaptation finance in the assessed developing-country NDCs, identifying a finance floor of roughly USD 8 billion per year by 2030 across adaptation and mitigation needs. India calls for new and additional developed-country finance and technology support, while Indonesia also links implementation to international support. Brazil's assessed NDC contains less explicit outward finance-demand language. The comparison is based on what is stated in the NDCs and does not rank total national need.",Revise,Corrected the country ranking and removed the unsupported claim that India invokes the USD 100 billion figure in its NDC.,"NDC2_2021_South_Africa, finance section; NDC2_2022_India, implementation-support passages; NDC2_2022_Indonesia, conditional-support passages; NDC2_2022_Brazil",Adjudicated,Not obtained,v1.0
51,C021,COMPARATIVE,MEDIUM,Compare the sector coverage of Canada's and Mexico's NDC2 submissions.,Compare the sector coverage of Canada's and Mexico's NDC2 submissions.,No,"Canada's NDC2 covers energy, buildings, transport, industry, agriculture, forestry, and waste sectors with specific measures for each. Mexico's NDC2 similarly covers energy, transport, agriculture, forestry, and industrial processes, but places greater emphasis on distributed renewable energy and energy efficiency in buildings. Canada provides more detailed sector-level quantification while Mexico's sectoral targets are more qualitative in nature.","Canada's NDC2 (pp.3-42, e.g. pp.25-31,33,35-42) covers energy, oil & gas, transportation, buildings, heavy industry, agriculture, forestry, and waste with detailed sector-specific measures and quantification. Mexico's NDC2 (Spanish-language; pp.10-15) covers similar sectors land use/LULUCF (p.10), transport (p.11), electricity generation (p.12, which explicitly mentions ""generación distribuida renovable""/distributed renewable generation), industry (p.13), oil & gas (p.14), agriculture & livestock (p.14), residential/commercial buildings (p.14), and waste (p.15) with comparatively more qualitative, narrative descriptions per sector versus Canada's more quantified targets. Source: NDC2_2021_Canada.pdf, NDC2_2022_Mexico.pdf.",Partial,"All major claims are verified in the documents both countries cover comparable sectors (energy, transport, industry, agriculture, forestry/land use, waste, buildings), Mexico's electricity section explicitly emphasizes distributed renewable generation, and Canada's NDC2 contains more detailed/quantified sector measures while Mexico's are more qualitative.","Canada and Mexico cover broadly similar major sectors, including energy, transport, buildings, industry, agriculture/forestry and waste. Canada's NDC provides more detailed quantified measures and policy instruments across several sectors; Mexico's NDC is more narrative and groups many actions under sectoral mitigation packages. The main difference is therefore the level of quantification and implementation detail, not the presence or absence of whole sectors.",Clarify,Retained the supported sector-coverage comparison while avoiding unsupported specifics.,"NDC2_2021_Canada, sectoral measures; NDC2_2022_Mexico, mitigation-action sections",Adjudicated,Not obtained,v1.0
52,C022,COMPARATIVE,HARD,How do China's and South Korea's NDC2 submissions differ in their approach to hydrogen as a clean energy technology?,How do China's and South Korea's NDC2 submissions differ in their approach to hydrogen as a clean energy technology?,No,"South Korea's NDC2 explicitly targets 290,000 hydrogen fuel cell vehicles and 450 hydrogen refuelling stations by 2030, and includes hydrogen in its industrial decarbonisation strategy. China's NDC2 does not explicitly target hydrogen in its submitted text, though China has subsequently published a national hydrogen strategy. South Korea's hydrogen commitment in the NDC text is more specific and measurable.","China's NDC2 (pp.42,54) explicitly mentions hydrogen committing to build hydrogen filling stations for transport and listing ""hydrogen energy"" as a priority technology for low-carbon industrial breakthroughs. South Korea's NDC2 (p.3) only briefly references hydrogen once, in general terms, with no numeric vehicle/station targets in the text. Source: NDC2_2021_China.pdf, NDC2_2021_South_Korea.pdf.",Partial,"The existing answer is factually inverted China's NDC2 does explicitly mention hydrogen (filling stations, hydrogen energy R&D), while South Korea's NDC2 contains only one passing hydrogen reference with no ""290,000 vehicles/450 stations"" target found anywhere in the document; these specific figures do not appear in the corpus.","China's NDC explicitly discusses hydrogen research, hydrogen production and hydrogen filling stations as part of its low-carbon technology and transport strategy. South Korea's NDC mentions hydrogen within broader clean-energy and industrial-transition measures but does not state the numerical hydrogen-vehicle and refuelling-station targets used in the original answer. China is therefore more explicit in the assessed NDC text, although neither document provides a complete economy-wide hydrogen deployment pathway.",Revise,Corrected the inversion and removed South Korean figures not found in the assessed NDC.,"NDC2_2021_China, pp. 42, 54; NDC2_2021_South_Korea, clean-energy and industry sections",Adjudicated,Not obtained,v1.0
53,C023,COMPARATIVE,HARD,"Why do Russia's and Turkey's NDC2 targets appear modest compared to other G20 nations, and what contextual factors explain this?","Why do Russia's and Turkey's NDC2 targets appear modest compared to other G20 nations, and what contextual factors explain this?",No,"Russia's 30% below 1990 levels target appears modest because Russia's emissions fell dramatically after the Soviet Union's collapse in 1991, so the 1990 baseline was already very high. Turkey ratified the Paris Agreement only in 2021 and its NDC2 is effectively its first, limiting the depth of ambition. Both countries have large fossil fuel industries that influence their targets. Russia also uses LULUCF accounting to soften effective reductions.","Russia's NDC2 (pp.3-5,~37) targets a 65-70% reduction relative to a 1990 baseline — a high baseline since Soviet-era emissions were far above post-1991 levels, making the target appear modest in real terms. Turkey's NDC2 (pp.1-2) confirms it ratified the Paris Agreement only in 2021 and this submission is explicitly Turkey's ""updated first NDC"" (using 2012 as base year, BAU-based), reflecting its limited prior commitment depth and developing-country framing. Source: NDC2_2022_Russia.pdf, NDC2_2023_Turkey.pdf.",Partial,"The 1990-baseline explanation for Russia and Turkey's late-2021 ratification/first-NDC status are both confirmed in the documents, but the claim that ""Russia uses LULUCF accounting to soften effective reductions"" — while plausible based on prior questions about forest absorptive capacity — and the ""large fossil fuel industries"" framing are not explicitly stated as causal explanations within these NDC2 texts; they are reasonable inference, not document-sourced fact.","Russia's second NDC targets a 65-67% reduction relative to 1990 by 2035, with forest-sink accounting and socio-economic conditions; Türkiye targets 41% below a BAU projection by 2030, using 2012 as the reference year, and sets a 2038 emissions peak and 2053 net-zero goal. Their headline percentages appear modest or difficult to compare because Russia uses a high historical base year and extensive sink accounting, whereas Türkiye uses a rising BAU baseline. The figures are not directly comparable without absolute-emissions harmonisation, and the corpus does not support causal claims about industrial lobbying or other external political explanations.",Revise,Updated Russia's target and confined contextual explanation to information in the documents.,"NDC2_2022_Russia, pp. 3-4, 37; NDC2_2023_Turkey, pp. 1-3, 31-32",Adjudicated,Not obtained,v1.0
55,C025,COMPARATIVE,HARD,Which G20 NDC2 submissions explicitly address gender equity and social inclusion in climate action?,Which G20 NDC2 submissions explicitly address gender equity and social inclusion in climate action?,No,Argentina's NDC2 is notable for explicitly integrating gender perspectives and references Argentina's National Action Plan on Gender and Climate Change. South Africa's NDC2 addresses social equity through its just transition framework. Indonesia's NDC2 includes social safeguards. Most other G20 NDC2 submissions treat gender and social equity as implicit or secondary. Argentina stands out as the only G20 country with a standalone gender-climate integration framework referenced in its NDC2.,"Argentina's NDC2 (extensive, pp.7-106) is by far the most comprehensive on gender-climate integration. Most other G20 NDC2s also reference gender, including UK (pp.6,11,21-23,33,48), Canada (pp.10,14,17,21-23), Indonesia (pp.12-41), Turkey (pp.34-36), South Africa (pp.20,30), EU (pp.2,10,12), Australia, Japan, USA, South Korea, and Russia. Source: NDC2_2021_Argentina.pdf and the respective country NDC2 PDFs.",Partial,"Argentina's strong lead is correct, but the claim it's the ""only G20 country"" with gender-climate integration is false gender is referenced in 12 of 13 NDC2s checked, and the cited ""National Action Plan on Gender and Climate Change"" title isn't found verbatim in the document.","Argentina provides the most extensive integration of gender and social inclusion in the assessed NDC, including mainstreaming across mitigation, adaptation and implementation. Explicit just-transition, gender, indigenous-community or social-inclusion language also appears in several other submissions, including Canada, Indonesia, Türkiye, South Africa, the United Kingdom, the European Union, Australia, Japan, the United States, South Korea and Russia. The corpus therefore does not support describing Argentina as the only G20 submission that addresses these issues; rather, it is the most comprehensive among the reviewed documents.",Revise,Corrected the exclusivity claim while retaining Argentina's leading breadth of treatment.,"NDC2_2021_Argentina, multiple sections; relevant inclusion passages in the listed NDCs",Adjudicated,Not obtained,v1.0
57,G002,GAP DETECTION,HARD,Identify the gap between India's NDC2 long-term targets and IPCC AR6 net zero recommendations for developing nations.,Identify the gap between India's NDC2 long-term targets and IPCC AR6 net zero recommendations for developing nations.,No,"India has no net zero target year specified in its NDC2. IPCC AR6 WG3 states that reaching net zero CO2 by around 2050 globally is required for 1.5°C, with developing nations potentially having slightly later timelines. India has subsequently announced a net zero goal of 2070 outside the formal NDC process, but this is not legally binding. GAP: India's NDC2 lacks any long-term net zero trajectory commitment, a significant gap relative to IPCC guidance, even accounting for development context.","India's NDC2 (p.4) explicitly states the update is ""a step forward towards our long term goal of reaching net-zero by 2070"" the 2070 target IS in the NDC2 text itself, not merely an external announcement. IPCC WG3 SPM (Table 3.1, ~p.21) indicates 1.5°C pathways require global net-zero CO2 around 2050, leaving roughly a 20-year gap between India's 2070 commitment and the IPCC's global benchmark, though IPCC text doesn't specify a separate developing-nation timeline. Source: NDC2_2022_India.pdf, WG3_SPM_2022.pdf.",Partial,"The existing answer's central claim — that ""India has no net zero target year specified in its NDC2"" and that 2070 was announced ""outside the formal NDC process"" is factually wrong; the document explicitly states the 2070 net-zero goal on page 4 of the NDC2 itself.","India's updated NDC explicitly states a long-term goal of net zero by 2070. IPCC AR6 describes global net-zero CO2 around 2050 in 1.5°C pathways. The resulting calendar difference is about 20 years, but the IPCC value is a global pathway milestone rather than a country-specific deadline for developing countries. The defensible gap statement is therefore that India's stated long-term date is later than the global pathway milestone, not that the NDC omits a target year or violates a separate IPCC developing-country deadline.",Reconstruct,Corrected the central factual error that India had no NDC-embedded target year.,"NDC2_2022_India, p. 4; WG3_SPM_2022, net-zero pathway passages",Adjudicated,Not obtained,v1.0
58,G003,GAP DETECTION,HARD,Assess the gap between G20 NDC2 methane commitments and IPCC AR6 methane reduction recommendations.,Assess the gap between G20 NDC2 methane commitments and IPCC AR6 methane reduction recommendations.,No,"IPCC AR6 requires approximately 34% methane reduction by 2030 vs 2019. Most G20 NDC2 submissions include methane within economy-wide GHG targets but do not specify standalone methane reduction percentages. The Global Methane Pledge (supported by EU, USA, UK, Canada, Argentina, Brazil) targets only 30% by 2030, falling short of IPCC's 34%. China, India, Russia, and Saudi Arabia have not signed the Global Methane Pledge. GAP: No G20 NDC2 explicitly commits to the 34% methane reduction; most rely on economy-wide accounting that may not achieve the near-term methane cuts needed.","IPCC WG3 SPM (~p.20, para C.1.1) confirms a 34% [21-57%] global methane reduction is needed by 2030 (vs 2019/2020) for 1.5°C pathways. In the NDC2 corpus, the Global Methane Pledge's 30%-by-2030 target is explicitly referenced by Saudi Arabia (NDC2_2021_Saudi_Arabia.pdf, p.7), South Korea (NDC2_2021_South_Korea.pdf, pp.7,16), and UK (NDC2_2022_UK.pdf, p.16) as members all falling short of IPCC's 34% benchmark; no NDC2 in the corpus commits to a standalone 34% methane target. Source: WG3_SPM_2022.pdf, NDC2_2021_Saudi_Arabia.pdf, NDC2_2021_South_Korea.pdf, NDC2_2022_UK.pdf.",Partial,"The IPCC 34% figure and ""no NDC2 meets it"" conclusion are confirmed, but the existing answer is factually wrong claiming Saudi Arabia hasn't signed the Global Methane Pledge its own NDC2 explicitly states Saudi Arabia is a member; South Korea's membership is also undocumented in the existing answer's signer list.","IPCC AR6 reports a global methane reduction of about 34% by 2030 relative to 2019 in 1.5°C pathways. Most assessed G20 NDCs include methane within economy-wide targets or sectoral measures but do not state a stand-alone national methane reduction directly comparable with that value. A few NDCs refer to a 30% methane-reduction pledge or methane-management actions, but the corpus does not support the original claim that the major issue is non-participation by a particular country. The principal gap is the lack of quantified, gas-specific and directly comparable national targets.",Revise,Retained the 34% pathway value and corrected unsupported country-specific claims.,"WG3_SPM_2022, p. 21; methane-related passages in the assessed NDCs",Adjudicated,Not obtained,v1.0
59,G004,GAP DETECTION,HARD,What is the gap between developing G20 nations' identified adaptation needs and the international finance commitments in their NDC2 submissions?,What is the gap between developing G20 nations' identified adaptation needs and the international finance commitments in their NDC2 submissions?,No,"IPCC AR6 WG2 Chapter 17 identifies that adaptation finance for developing countries is critically insufficient, with annual needs estimated at USD 127 billion by 2030. G20 developing nations' NDC2 submissions identify significant adaptation needs but lack specific finance commitments: India, Indonesia, and South Africa all condition targets on international finance without specifying amounts. The developed G20 nations' NDC2 submissions do not contain specific adaptation finance pledges for developing nations. GAP: Adaptation finance is identified as needed but not quantified or committed in NDC2 texts.","G20 developing nations' NDC2s mostly state adaptation needs without quantifying required international finance — India and Indonesia ask for funds to close the ""resource gap"" with no amount specified, while South Africa is the exception, naming a floor of USD 8 billion/year by 2030 (split evenly with mitigation). No document in this corpus supports a ""USD 127 billion"" adaptation finance-needs figure; IPCC WG2 only refers to ""127 key risks,"" an unrelated number.
Source: NDC2_2022_India.pdf (p.3); NDC2_2022_Indonesia.pdf (p.27); NDC2_2021_South_Africa.pdf (pp.29–30); WG2_TechnicalSummary_2022.pdf (p.21)",Partial,"correct that most NDC2s leave finance unquantified, but wrong that South Africa lacks a figure (it states USD 8bn/yr), and the ""USD 127 billion"" IPCC citation isn't in the source documents (only ""127 key risks"" appears, a different fact entirely).","Most developing G20 NDCs describe adaptation needs and request support without quantifying a complete international-finance requirement. South Africa is a notable exception, providing an indicative finance floor of about USD 8 billion per year by 2030 across mitigation and adaptation needs. IPCC WG2 estimates median adaptation costs for developing countries of about USD 127 billion per year by 2030, with a broad range of USD 15-411 billion. The gap is therefore both quantitative and institutional: national needs are often unspecified, while available international adaptation finance remains far below estimated aggregate needs.",Revise,Corrected the treatment of South Africa and used the adaptation-cost estimate supported by the local IPCC source.,"WG2_Chapter17_DecisionMakingRisk_2022, adaptation-cost passages; NDC2_2021_South_Africa, finance section; developing-country NDC finance passages",Adjudicated,Not obtained,v1.0
60,G005,GAP DETECTION,HARD,"Which G20 NDC2 submissions in the corpus include coal phase-out commitments, and how does this compare to IPCC guidance?","Which G20 NDC2 submissions in the corpus include coal phase-out commitments, and how does this compare to IPCC guidance?",No,"IPCC AR6 WG3 states that coal in electricity generation must be reduced by 59-78% by 2030 in 1.5°C pathways. Among G20 NDC2 submissions: UK commits to unabated coal exit by 2024 (strongest commitment). The EU references the Green Deal's coal phase-down. Canada commits to no new coal plants and coal phase-out by 2030. Australia and Japan do not include coal phase-out commitments in their NDC2 texts. China, India, Indonesia, and South Africa — as major coal users — make no coal phase-out commitments. GAP: The majority of coal-producing/using G20 nations lack coal phase-out commitments consistent with IPCC guidance.","UK (phase out unabated coal by 2024), Canada (coal phase-out by 2030), and South Korea (coal phase-down + ban on new coal plants) have explicit coal commitments in their NDC2s. China has only partial pledges (no new overseas coal, phase out outdated capacity domestically). India, Indonesia, South Africa, Australia, Japan, and the EU include no coal phase-out commitment. IPCC WG3 calls for coal use without CCS to fall 67–82% by 2030 in 1.5°C pathways only UK, Canada, and South Korea align directionally; most G20 coal users fall short.
Source: NDC2_2022_UK.pdf (p.17); NDC2_2021_Canada.pdf (p.26); NDC2_2021_South_Korea.pdf (pp.2,24); NDC2_2021_China.pdf (pp.5,17,51); NDC2_2020_EU.pdf (no coal mention); WG3_TechnicalSummary_2022.pdf (p.43)",Partial,"UK/Canada and the ""no commitment"" countries are correctly identified, but the IPCC figure is wrong (67–82%, not 59–78%), the EU has no coal mention at all (no Green Deal reference exists in its NDC2), South Korea's commitment was omitted, and China is mischaracterized as having no commitment when it has narrower pledges.","The United Kingdom commits to phase out unabated coal power by 2024 and Canada by 2030. South Korea describes coal phase-down, closure of ageing plants and a ban on new coal plants but does not give a complete phase-out year. Most other assessed NDCs do not contain a comparable coal-power phase-out commitment. IPCC AR6 reports that unabated coal use in electricity falls by roughly 67-82% by 2030 in 1.5°C pathways, so the principal gap is the limited number of dated, economy-relevant coal-exit commitments in the NDC corpus.",Revise,Corrected the IPCC range and distinguished phase-down from a dated phase-out.,"NDC2_2022_UK, coal passages; NDC2_2021_Canada, coal passages; NDC2_2021_South_Korea, power-sector passages; WG3_SPM_2022, coal pathway table",Adjudicated,Not obtained,v1.0
61,G006,GAP DETECTION,HARD,Identify three G20 NDC2 commitments that are vague and lack measurability compared to IPCC quantified recommendations.,Identify three G20 NDC2 commitments that are vague and lack measurability compared to IPCC quantified recommendations.,No,"Three examples of vague NDC2 commitments: (1) Russia's target is conditional on 'maximum possible accounting' of forest absorption without defining this clearly. (2) Saudi Arabia's circular carbon economy approach references carbon capture and utilisation without specific technology targets or timelines. (3) Argentina's conditional target of 369 MtCO2e lacks clarity on which sectors bear the conditional portion. In contrast, IPCC AR6 provides specific sectoral benchmarks (e.g., 70-85% renewable electricity by 2050) that allow clear progress measurement.","Examples of vague/unmeasurable G20 NDC2 commitments: (1) Russia sets a 65–67% reduction target by 2035 ""taking into account the maximum possible absorptive capacity of forests,"" an undefined qualifier with no quantified forest-sink value. (2) Saudi Arabia's ""circular carbon economy"" approach references carbon capture, utilisation and storage without specific deployment targets or timelines. (3) Argentina's headline target is actually unconditional and quantified net emissions not to exceed 349 MtCO2e by 2030 so it does not qualify as a vague example; the ""369 MtCO2e conditional"" claim is not supported by the document text.
Source: NDC2_2022_Russia.pdf (pp.3,29); NDC2_2021_Saudi_Arabia.pdf (pp.6,10-11); NDC2_2021_Argentina.pdf (p.6)",Partial,"Russia and Saudi Arabia examples are accurate. Argentina is wrong — the actual target is an unconditional 349 MtCO2e cap by 2030 (not 369, not conditional), so it isn't a valid example of vagueness; a third example would need to be sourced elsewhere in the corpus.","Three source-supported examples are: (1) Russia's target relies on the 'maximum possible' absorption capacity of forests and ecosystems without a quantified accounting ceiling; (2) Saudi Arabia describes Circular Carbon Economy, CCUS and sectoral technology directions without deployment quantities or a complete time-bound sector pathway; and (3) China states that coal consumption will be strictly controlled and then phased down across planning periods without quantifying the domestic coal-reduction amount in the NDC. Each gives a policy direction, but the missing quantities, scopes or milestones limit measurability against the IPCC's quantified pathways.",Revise,Replaced the incorrect Argentina example with a source-supported Chinese example.,"NDC2_2022_Russia, target-accounting passages; NDC2_2021_Saudi_Arabia, CCUS/CCE sections; NDC2_2021_China, pp. 4, 40",Adjudicated,Not obtained,v1.0
62,G007,GAP DETECTION,HARD,What is the gap between G20 NDC2 transport sector commitments and IPCC AR6 WG3 transport decarbonisation recommendations?,What is the gap between G20 NDC2 transport sector commitments and IPCC AR6 WG3 transport decarbonisation recommendations?,No,IPCC AR6 WG3 Chapter 10 recommends a 59-84% reduction in transport emissions by 2050 vs 2020 for 1.5°C pathways. Most G20 NDC2 submissions treat transport as part of economy-wide targets without sector-specific transport emission reduction percentages. South Korea provides specific EV targets. The UK commits to ending petrol/diesel vehicle sales by 2030. Most emerging G20 economies provide no transport-specific targets. GAP: The vast majority of G20 NDC2 submissions lack quantified transport sector decarbonisation targets consistent with IPCC's transport pathway requirements.,"The IPCC WG3 SPM states global transport CO2 emissions must fall by 59% (42–68% interquartile range) by 2050 relative to 2020 in 1.5°C pathways not ""59–84%,"" and there is no standalone ""Chapter 10"" document in this corpus (only SPM/TS references to it). Among G20 NDC2s, the UK is the clearest transport commitment, ending sales of new petrol and diesel vehicles by 2030. South Korea mentions it has ""markedly raised"" its 2030 zero-emission vehicle deployment target but does not state a specific number or percentage in its NDC2 text so it is not actually a quantified target. Most other G20 NDC2s (India, Indonesia, China, Brazil, etc.) treat transport within economy-wide targets with no sector-specific transport emissions percentage.
Source: WG3_SPM_2022.pdf (p.36); NDC2_2022_UK.pdf (p.17); NDC2_2021_South_Korea.pdf (p.3)",Partial,"UK's commitment and the broad ""most G20 lack quantified transport targets"" conclusion are correct, but the IPCC figure is wrong (59%, 42–68% range not 59–84%), the cited ""WG3 Chapter 10"" document doesn't exist standalone in the corpus, and South Korea's ""specific EV target"" claim is unsupported its NDC2 gives no actual number.","IPCC AR6 reports that global transport CO2 emissions fall about 59% by 2050 relative to modelled 2020 emissions in the relevant 1.5°C pathways, with an interquartile range of roughly 42-68%. The United Kingdom has a clear vehicle-sales phase-out commitment, while many other G20 NDCs contain EV, public-transport or modal-shift measures but no quantified total transport-emissions pathway. Because EV sales, fleet shares and modal targets cannot be converted directly into total transport emissions without a documented model, the central gap is the absence of comparable sector-wide emissions targets and implementation pathways.",Revise,Corrected the IPCC range and aligned the answer with the completed D6 source audit.,"WG3_SPM_2022, transport pathway table; NDC2_2022_UK, p. 17; D6 evidence audit across the NDC corpus",Adjudicated,Not obtained,v1.0
63,G008,GAP DETECTION,HARD,Which sectors required by IPCC AR6 for deep decarbonisation are absent or underrepresented in Saudi Arabia's NDC2?,Which sectors required by IPCC AR6 for deep decarbonisation are absent or underrepresented in Saudi Arabia's NDC2?,No,"Saudi Arabia's NDC2 focuses primarily on energy efficiency and renewables within the country's economic diversification agenda, with a 278 MtCO2e reduction target. Missing or underrepresented elements include: (1) No aviation or shipping decarbonisation targets despite being a major oil exporter with significant bunker fuel exports. (2) No explicit industrial process decarbonisation beyond circular carbon economy. (3) No land use or forestry sector commitments. (4) No adaptation finance commitments for vulnerable nations. IPCC AR6 identifies all these as critical for 1.5°C.","Saudi Arabia's NDC2 actually does reference aviation, shipping, petrochemicals, and steel as future blue-hydrogen/CCUS target sectors, plans industrial decarbonisation via CCUS hubs in Jubail and Yanbu, and includes land-based actions (Saudi Green Initiative tree planting, mangrove/blue-carbon protection, desertification management) contrary to the existing claims. The real gap is the absence of any outward adaptation finance commitment to other vulnerable nations; Saudi only states its own NDC implementation is ""not contingent on receiving international financial support.""
Source: NDC2_2021_Saudi_Arabia.pdf (pp.4-8, 11)",None,"3 of 4 claimed gaps are factually wrong (aviation/shipping, industrial process, and land/forestry are all mentioned in the document); only the ""no adaptation finance for vulnerable nations"" point holds.","Saudi Arabia's NDC does address aviation, shipping, petrochemicals, steel, CCUS hubs and land-based actions such as tree planting and mangrove or blue-carbon protection. These sectors should therefore not be described as absent. The supported gap is one of quantification and coverage: the NDC does not provide complete sector-specific emissions trajectories or deployment volumes for these measures, and it contains no outward adaptation-finance commitment for vulnerable countries; it states that its own implementation is not contingent on receiving international finance.",Reconstruct,Corrected three sector-absence claims contradicted by the document and reframed the gap as incomplete quantification.,"NDC2_2021_Saudi_Arabia, pp. 4-8, 11",Adjudicated,Not obtained,v1.0
66,G011,GAP DETECTION,HARD,Does Australia's 43% reduction by 2030 align with IPCC's recommended pathway for advanced economies?,Does Australia's 43% reduction by 2030 align with IPCC's recommended pathway for advanced economies?,No,"IPCC AR6 WG3 requires global GHG emissions to fall 43% below 2019 levels by 2030 for 1.5°C. For developed economies with higher historical emissions and greater capacity, the IPCC and Climate Action Tracker suggest deeper cuts of 50-70% by 2030. Australia's 43% reduction is measured below 2005 levels, not 2019. Australia's 2019 emissions were approximately 5% above 2005, meaning the actual 2030 target in absolute terms is approximately 38-40% below 2019. GAP: Australia's NDC2 target falls short of the IPCC-implied requirement for advanced economies by approximately 10-30 percentage points.","Australia's NDC2 target is confirmed as 43% reduction below 2005 levels by 2030 (not 2019), while IPCC WG3 SPM states global GHG emissions must fall 43% [34–60%] below 2019 levels by 2030 for 1.5°C pathways so the headline ""43%"" figures use different baseline years and aren't directly comparable. However, the corpus contains no IPCC-sourced ""50–70% for developed economies"" benchmark, and no Australia 2019 emissions figure to support the claimed ""~38-40% below 2019"" recalculation both are external/unverifiable within these documents.
Source: NDC2_2022_Australia.pdf (pp.3,7); WG3_SPM_2022.pdf (p.21)",Partial,"The core insight (43% Australia is measured against 2005, not the IPCC's 2019 baseline) is correctly identified and document-supported, but the ""50-70% for developed economies"" IPCC benchmark and the ""38-40% below 2019"" recalculated figure are not found anywhere in the provided documents they appear to be external estimates, not document-sourced.","Australia's target is 43% below 2005 by 2030, whereas the IPCC's approximately 43% pathway value is a global reduction below 2019 by 2030. The matching headline percentage does not establish alignment because the base year, national/global scope and accounting context differ. The corpus contains no country-specific IPCC benchmark for an 'advanced economy' and no source-grounded conversion of Australia's target to a 2019 basis, so the result should be classified as not directly comparable rather than aligned or misaligned.",Clarify,Removed external developed-country ranges and an unsupported rebaselining calculation.,"NDC2_2022_Australia, pp. 3, 7; WG3_SPM_2022, p. 21",Adjudicated,Not obtained,v1.0
68,G013,GAP DETECTION,HARD,What implementation gaps exist between Mexico's NDC2 stated targets and its domestic policy framework?,What implementation gaps exist between Mexico's NDC2 stated targets and its domestic policy framework?,No,"Mexico's NDC2 targets 35% unconditional GHG reduction by 2030. However, Mexico's domestic energy policy under the 2021-2024 administration reversed renewable energy expansion in favour of state oil company PEMEX and state electricity utility CFE. Mexico's actual renewable energy share declined in 2019-2022. This creates a significant implementation gap between NDC2 pledges and domestic policy direction. The NDC2 text does not reference specific domestic legislation anchoring the targets.","Mexico's NDC2 sets a 35% reduction target by 2030, but it is not unconditional it's funded by at least 30% domestic resources plus 5% international finance, with a separate conditional tier up to 40%. The NDC2 does cite domestic legislation, anchoring policies to Mexico's General Climate Change Law (2013). PEMEX and CFE appear only as implementing entities for mitigation actions, not as obstacles reversing renewables that narrative isn't in the document.
Source: NDC2_2022_Mexico.pdf (pp.9, 12, 14)",None,"the ""unconditional 35%"" framing is wrong (it's part domestic, part internationally-funded, with a separate conditional 40% target), the claim of ""no domestic legislation referenced"" is directly contradicted by the General Climate Change Law citation, and the PEMEX/CFE-reversal/declining-renewables claim has no support in this document.","Mexico's NDC sets a 35% 2030 reduction composed of at least 30 percentage points from domestic resources and 5 from international cooperation or finance, with a conditional increase to 40%. It also cites the General Climate Change Law and identifies implementing institutions and actions. The NDC alone does not support the claim that PEMEX or CFE policies reverse renewable progress, nor does it permit an ex-post judgement of implementation performance. The document-grounded gap is that many measures lack complete milestones, budgets or outcome indicators linking them to delivery of the headline target.",Reconstruct,Corrected the target structure and replaced unsupported domestic-policy claims with a document-grounded implementation-specificity gap.,"NDC2_2022_Mexico, pp. 9, 12, 14 and implementation sections",Adjudicated,Not obtained,v1.0
69,G014,GAP DETECTION,HARD,Which sectors required for deep decarbonisation by IPCC AR6 are missing from Russia's NDC2?,Which sectors required for deep decarbonisation by IPCC AR6 are missing from Russia's NDC2?,No,Russia's NDC2 focuses primarily on economy-wide emission reduction through efficiency improvements and LULUCF. Missing elements relative to IPCC AR6 requirements include: (1) No renewable energy targets — Russia relies primarily on nuclear and gas. (2) No transport electrification targets. (3) No industrial process decarbonisation roadmap. (4) No methane reduction target despite Russia being one of the world's largest methane emitters from oil and gas operations. IPCC AR6 WG3 identifies all these sectors as requiring deep decarbonisation.,"All four sectors claimed ""missing"" actually appear in Russia's NDC2, just without quantified targets: renewable energy (solar, wind, hydropower) development is referenced (pp.9,11-12,20), ""electrification of transport"" is a stated LT-LEDS measure (p.9), industrial decarbonisation actions are described (coal sector, CCUS, hydrogen), and methane-reduction actions exist (oil/gas flaring and leak reduction, plus joining the 2024 ""Declaration on Reducing Methane Emissions from Organic Waste,"" p.23). The real gap is lack of quantified numeric targets for these sectors not their absence.
Source: NDC2_2022_Russia.pdf (pp.9, 11-12, 20, 23)",None,"All four claimed absences are factually wrong renewable energy, transport electrification, industrial decarbonisation, and methane-reduction actions are all explicitly mentioned in Russia's NDC2. The true gap is lack of quantified targets for these sectors, not their complete absence as the existing answer states.","Russia's NDC includes renewable-energy development, transport electrification, industrial decarbonisation measures, hydrogen and CCUS, and methane-related actions. These sectors are therefore not absent. The main gap is that the NDC provides few quantified sector-specific targets, deployment volumes or dated milestones that can be compared with IPCC sector pathways. The appropriate conclusion is under-specification rather than missing-sector coverage.",Reconstruct,Corrected all four false absence claims and reframed the gap around quantification.,"NDC2_2022_Russia, pp. 9, 11-13, 20, 23",Adjudicated,Not obtained,v1.0
70,G015,GAP DETECTION,HARD,"Does South Korea's 2030 target of 40% below 2018 BAU align with IPCC requirements for developed economies, and what specific gaps exist?","How does South Korea's 2030 target compare with the global IPCC 1.5°C pathway, and what source-supported gaps remain?",Yes,"South Korea's 40% below 2018 BAU target converts to approximately 24% below actual 2018 emission levels (as BAU is higher than actual). IPCC AR6 recommends approximately 50% below current levels for developed economies by 2030. Specific gaps in South Korea's NDC2: (1) Heavy reliance on LNG as transition fuel without a phase-out date. (2) No explicit coal phase-out year despite coal representing 40% of electricity. (3) Nuclear power counts toward non-fossil targets, potentially masking renewable energy gaps. GAP: The effective reduction below actual emissions falls short of IPCC guidance for an advanced economy.","South Korea's target is 40% reduction from actual 2018 emissions (727.6 MtCO2eq) the NDC2 explicitly states it replaced its earlier BAU-based target with this absolute target, so the ""BAU conversion to ~24%"" claim is invalid. Real, supported gaps: aged coal plants are to shut down or shift to LNG with no LNG phase-out date; coal was ~40% of the power mix with a ban on new coal plants but no explicit phase-out year; and nuclear power is not mentioned anywhere in the document, so the ""nuclear masking renewables"" claim is unsupported.
Source: NDC2_2021_South_Korea.pdf (pp.1-2, 8-9, 24)",Partial,"coal/LNG gaps are accurate, but the core baseline claim is wrong (target is 40% below actual 2018 emissions, not BAU), invalidating the recalculated ""~24%"" figure, and the nuclear-power claim has no textual support.","South Korea's target is a 40% reduction from actual 2018 emissions of 727.6 MtCO2e, not from a BAU projection. It is not directly comparable with the IPCC's global 43% reduction from 2019 because the baselines and scopes differ. Document-supported gaps include the absence of a full coal phase-out year, reliance on replacing some ageing coal capacity with LNG without an LNG phase-out date, and limited directly comparable sector-wide pathway metrics. The source does not support the original BAU conversion or the claim that nuclear power masks renewable ambition.",Reconstruct,Corrected the target baseline and removed unsupported conversion and nuclear claims.,"NDC2_2021_South_Korea, pp. 1-2, 8-10, 24; WG3_SPM_2022, p. 21",Adjudicated,Not obtained,v1.0
71,G016,GAP DETECTION,HARD,Assess the gap between G20 NDC2 carbon capture and storage (CCS) commitments and IPCC AR6 recommendations for CCS deployment.,Assess the gap between G20 NDC2 carbon capture and storage (CCS) commitments and IPCC AR6 recommendations for CCS deployment.,No,IPCC AR6 WG3 identifies CCS as potentially contributing 1.5-9.5 GtCO2 per year by 2050 in various mitigation pathways. Most G20 NDC2 submissions do not specify CCS deployment targets. Saudi Arabia mentions circular carbon economy including carbon capture but without specific capacity targets. The USA references CCS in its clean energy strategy. Japan mentions CCS as part of its decarbonisation roadmap. No G20 NDC2 includes a CCS deployment target in GtCO2. GAP: Substantial disconnect between IPCC's role for CCS and actual NDC2 CCS commitments.,"IPCC WG3 gives an annual CDR figure for BECCS specifically of 0.52–9.45 GtCO2/yr by 2050 (not a generic ""1.5–9.5 GtCO2 CCS"" range). Saudi Arabia references CCUS (circular carbon economy, planned hubs) without capacity targets, and the USA mentions carbon capture in its clean energy strategy both accurate. However, Japan's NDC2 has no mention of CCS, carbon capture, or sequestration at all. No G20 NDC2 specifies a quantified CCS deployment target.
Source: WG3_TechnicalSummary_2022.pdf (p.68); NDC2_2021_Saudi_Arabia.pdf (pp.6,11); NDC2_2021_USA.pdf (p.4); NDC2_2021_Japan.pdf (no CCS mention)",Partial,"Saudi Arabia/USA mentions and the ""no quantified CCS targets"" conclusion are correct, but the IPCC figure is imprecise (it's BECCS-specific, not generic CCS), and the claim that Japan mentions CCS is false — it appears nowhere in Japan's NDC2.","IPCC AR6 treats CCS and carbon-dioxide removal as important in some industrial and energy pathways, but the 0.52-9.45 GtCO2 per year figure in the cited source refers specifically to BECCS removal, not generic CCS deployment. Saudi Arabia describes CCUS and planned hubs, and the United States includes carbon capture in its clean-energy strategy; Japan's assessed NDC does not explicitly mention CCS. Across the corpus, NDCs generally lack quantified capture capacity, storage volumes, commissioning dates and sector deployment trajectories. The gap is therefore one of measurable deployment detail rather than complete absence of CCS references.",Revise,Distinguished BECCS from generic CCS and removed the unsupported Japan example.,"WG3_TechnicalSummary_2022, p. 68; NDC2_2021_Saudi_Arabia, pp. 6, 11; NDC2_2021_USA, p. 4; NDC2_2021_Japan",Adjudicated,Not obtained,v1.0
73,G018,GAP DETECTION,HARD,"What is the collective conditional versus unconditional gap across G20 NDC2 developing nations, and what does this mean for global ambition?","What is the collective conditional versus unconditional gap across G20 NDC2 developing nations, and what does this mean for global ambition?",No,"Indonesia (31.89% vs 43.20%), Mexico (35% vs 40%), and India (all targets conditional) represent the largest conditional gaps among G20 developing nations. If only unconditional targets are achieved, the collective emissions reduction is substantially less than if conditional targets are met. The gap between conditional and unconditional G20 NDC2 targets represents approximately 2-4 GtCO2e per year in 2030 emissions. This gap is primarily a finance and technology transfer gap, not an ambition gap in the developing nations' own commitments.","Indonesia's actual split is 29% unconditional vs 41% conditional of BAU not ""31.89% vs 43.20%"" (that figure doesn't appear in the document). Mexico's figures are roughly accurate (35% domestic+partial international, rising to conditional 40%). India's NDC2 doesn't use formal ""conditional/unconditional"" terminology at all, unlike Indonesia's CM1/CM2 structure it just discusses general finance/resource gaps. The ""~2–4 GtCO2e/year"" aggregate gap figure appears nowhere in any document.
Source: NDC2_2022_Indonesia.pdf (pp.3,11,16,20); NDC2_2022_Mexico.pdf (p.9); NDC2_2022_India.pdf (p.3)",None,"Indonesia's percentages are wrong, India is mischaracterized as having a formal conditional-target split it doesn't use, and the ""2-4 GtCO2e/year"" figure has no source in the corpus; only Mexico's figures hold up.","Indonesia has a 29% unconditional and up to 41% conditional reduction below BAU, a 12-percentage-point difference. Mexico has a 35% target with a domestic/international composition and a conditional increase to 40%. India does not use a comparable economy-wide conditional/unconditional split, although it identifies finance and technology-transfer needs for specific commitments. Because the NDCs use different baselines and target structures, the corpus does not support a single aggregate 2-4 GtCO2e conditionality gap. The defensible conclusion is that a material share of developing-country ambition depends on international support, but its collective magnitude cannot be derived directly from these texts.",Reconstruct,Corrected Indonesia and India and removed an unsupported aggregate emissions estimate.,"NDC2_2022_Indonesia, pp. 16, 20-22; NDC2_2022_Mexico, p. 9; NDC2_2022_India, p. 3",Adjudicated,Not obtained,v1.0
74,G019,GAP DETECTION,HARD,Assess the gap between G20 NDC2 industrial decarbonisation commitments and IPCC AR6 guidance for heavy industry.,Assess the gap between G20 NDC2 industrial decarbonisation commitments and IPCC AR6 guidance for heavy industry.,No,"IPCC AR6 WG3 identifies steel, cement, and chemicals as requiring deep decarbonisation through electrification, hydrogen, and CCS. Few G20 NDC2 submissions provide sector-specific industrial decarbonisation targets. Japan's NDC2 references the Green Innovation Fund for industrial transformation. South Korea mentions industrial sector efficiency. The EU references the Industrial Strategy and Carbon Border Adjustment Mechanism. China, India, Brazil, and most other G20 nations treat industry under economy-wide targets without sector-level quantification. GAP: Industrial decarbonisation is systematically absent from most G20 NDC2 texts.","IPCC WG3 SPM identifies steel, cement, and chemicals as needing electrification, hydrogen, and CCS (pp.32-43); no dedicated industry chapter exists in this corpus. South Korea's NDC2 is actually quite specific naming steelmaking, petrochemicals, cement, with electric furnaces, naphtha-cracker shifts, and a cement energy-saving target (p.2). However, Japan's ""Green Innovation Fund"" appears nowhere in its NDC2, and the EU's NDC2 has no reference to ""Industrial Strategy"" or CBAM both claims are unsupported. China, India, and Brazil do treat industry within economy-wide targets without sector-level quantification.
Source: WG3_SPM_2022.pdf (pp.32-43); NDC2_2021_South_Korea.pdf (p.2); NDC2_2021_Japan.pdf (no mention); NDC2_2020_EU.pdf (no mention)",Partial,"the IPCC framing and broad ""most G20 lack sector-specific industrial targets"" conclusion hold, but the Japan ""Green Innovation Fund"" and EU ""Industrial Strategy/CBAM"" citations have no support in either document, and South Korea's commitments are more specific than the answer suggests.","IPCC AR6 identifies electrification, material and energy efficiency, hydrogen and CCS among the major routes for decarbonising steel, cement and chemicals. South Korea's NDC contains relatively specific measures for steel, petrochemicals and cement, whereas many other NDCs treat industry inside economy-wide targets without quantified sector emissions trajectories. The assessed Japan and EU NDCs do not support the original references to the Green Innovation Fund, an Industrial Strategy or CBAM in this comparison. The main gap is the limited number of quantified, time-bound heavy-industry roadmaps in the NDC texts.",Revise,Corrected unsupported policy references and recognized South Korea's greater sector detail.,"WG3_SPM_2022, industry passages; NDC2_2021_South_Korea, p. 2; NDC2_2021_Japan; NDC2_2020_EU",Adjudicated,Not obtained,v1.0
75,G020,GAP DETECTION,HARD,How does the distribution of G20 NDC2 ambition levels relate to historical cumulative emissions and the equity principle in IPCC AR6?,How does the distribution of G20 NDC2 ambition levels relate to historical cumulative emissions and the equity principle in IPCC AR6?,No,"IPCC AR6 WG3 Chapter 4 states that equity requires countries with higher historical cumulative emissions and greater financial capacity to reduce faster. The USA, EU, UK, and Russia have the highest historical cumulative emissions. Yet Russia's and Australia's targets are rated insufficient by Climate Action Tracker. The USA and EU have more ambitious 2030 targets. India and Indonesia have low per-capita historical emissions but face development pressures. IPCC finds current NDCs do not reflect equity considerations adequately, with insufficient effort from historically high emitters.","PCC WG3 SPM (Section B.3) confirms major historical-emissions disparities LDCs contributed under 0.4% of cumulative CO2-FFI emissions (1850–2019) while a few regions hold the bulk supporting the equity principle. But ""Climate Action Tracker"" appears nowhere in this corpus the claim that Russia and Australia are ""rated insufficient"" by it is unsupported by any document. The corpus also doesn't explicitly name USA/EU/UK/Russia as top historical emitters or state that ""current NDCs do not reflect equity adequately.""
Source: WG3_SPM_2022.pdf (p.13, Section B.3); WG3_Chapter04_MitigationDevelopmentPathways_2022.pdf (p.34)",None,"the general equity/historical-emissions framing is broadly consistent with WG3 SPM, but the ""Climate Action Tracker"" citation is unsupported (absent from the corpus entirely), and the specific country-ranking and ""IPCC finds NDCs don't reflect equity"" claims aren't verifiable in the provided documents.","IPCC AR6 documents large inequalities in historical cumulative emissions and emphasizes equity, differentiated responsibilities and varying development needs. The NDC corpus also shows different national circumstances and target structures, but it does not provide a source-grounded basis for ranking the United States, EU, United Kingdom and Russia as the highest historical emitters within this evaluation or for importing Climate Action Tracker ratings. The defensible conclusion is that equity is relevant to interpreting ambition, while the present corpus and scoring framework do not produce an equity-adjusted cross-country adequacy ranking.",Reconstruct,Retained the documented equity principle and removed unsupported external rankings and ratings.,"WG3_SPM_2022, Section B.3; WG3_Chapter04_MitigationDevelopmentPathways_2022, equity discussion",Adjudicated,Not obtained,v1.0
76,G021,GAP DETECTION,HARD,"Which G20 NDC2 submissions address fossil fuel subsidies, and how does this compare to IPCC guidance?","Which G20 NDC2 submissions address fossil fuel subsidies, and how does this compare to IPCC guidance?",No,"IPCC AR6 WG3 identifies elimination of fossil fuel subsidies as a key near-term mitigation measure. Among G20 NDC2 submissions, most do not mention fossil fuel subsidies at all. Canada's NDC2 references its commitment to phase out inefficient fossil fuel subsidies. The UK references the Green Finance Taxonomy. No G20 NDC2 provides a specific fossil fuel subsidy phase-out timeline with amounts. Saudi Arabia, Russia, and Mexico do not mention fossil fuel subsidies. GAP: Despite IPCC urgency, fossil fuel subsidy elimination is systematically absent from G20 NDC2 texts."," Indonesia is the clear G20 example addressing fossil fuel subsidies its NDC2 states it's ""one of the pioneer countries for fossil fuel subsidy reform"" and has ""succeeded in removing fossil fuel subsidies"" to redirect funds to renewables/infrastructure entirely omitted from the existing answer. Canada's NDC2 has no mention of fossil fuel subsidies, and the UK's NDC2 has no reference to ""Green Finance Taxonomy"" both cited claims are unsupported. Russia's ""subsidies"" mention relates to housing, not fossil fuels. No G20 NDC2 gives a phase-out timeline with specific amounts.
Source: NDC2_2022_Indonesia.pdf (p.17); NDC2_2021_Canada.pdf (no mention); NDC2_2022_UK.pdf (no mention); NDC2_2022_Russia.pdf (p.15, unrelated)",None,"the two specific examples (Canada, UK) appear nowhere in their documents, while Indonesia, the actual G20 nation addressing fossil fuel subsidies, was omitted entirely. Only the ""Mexico/Saudi Arabia/Russia silent on it"" part holds up.","IPCC AR6 identifies reform of fossil-fuel subsidies as a potential mitigation policy. Indonesia is the clearest assessed NDC example: it describes fossil-fuel subsidy reform and the redirection of resources toward infrastructure and cleaner energy. The assessed Canada and UK NDCs do not contain the fossil-fuel-subsidy commitments attributed to them in the original answer, and Russia's subsidy reference is unrelated. No reviewed NDC provides a complete quantified fossil-fuel-subsidy phase-out schedule. The corpus therefore shows limited and uneven treatment, rather than total absence.",Reconstruct,Replaced unsupported Canada/UK examples with the source-supported Indonesian case.,"WG3_SPM_2022, policy-instrument passages; NDC2_2022_Indonesia, p. 17; NDC2_2021_Canada; NDC2_2022_UK; NDC2_2022_Russia",Adjudicated,Not obtained,v1.0
77,G022,GAP DETECTION,MEDIUM,"Which G20 countries in the corpus have net zero targets in their NDC2 and which do not, and how does this compare to IPCC's 2050 requirement?","Which G20 countries in the corpus have net zero targets in their NDC2 and which do not, and how does this compare to IPCC's 2050 requirement?",No,"G20 countries WITH net zero targets in NDC2: UK (2050), EU (2050), Canada (2050), Japan (2050), South Korea (2050), Australia (2050), Brazil (2050 in updated 2023 NDC). G20 countries WITHOUT explicit net zero year in NDC2: India (no year in NDC2), China (2060 — beyond IPCC 2050), Russia (no net zero year), Saudi Arabia (no net zero year), Indonesia (carbon neutrality aspirationally by 2060 but not in NDC2 text), Mexico (not specified), Argentina (not specified). GAP: Over half of G20 nations lack NDC2-embedded net zero commitments consistent with IPCC's 2050 requirement.","Countries WITH net-zero/carbon-neutrality targets in NDC2: UK, EU, Canada, Japan, South Korea, Australia, Brazil (all 2050), China (2060), India (2070), and Russia (2060) the last two were wrongly placed in the ""no year"" group by the existing answer. Genuinely WITHOUT a stated year: Saudi Arabia (only references an external Net-Zero Producers Forum), Indonesia (aspirational, no year), Mexico, and Argentina. So only 4 of 14 not ""over half"" actually lack a net-zero year.
Source: NDC2_2022_India.pdf (p.4); NDC2_2022_Russia.pdf (pp.9,31-32); plus NDC2_2022_UK.pdf, NDC2_2020_EU.pdf, NDC2_2021_Canada.pdf, NDC2_2021_Japan.pdf, NDC2_2021_South_Korea.pdf, NDC2_2022_Australia.pdf, NDC2_2022_Brazil.pdf, NDC2_2021_China.pdf, NDC2_2021_Saudi_Arabia.pdf, NDC2_2022_Indonesia.pdf",Partial,"the ""with net-zero"" list and China's 2060 figure are correct, but India (net-zero 2070) and Russia (carbon neutrality 2060) were wrongly placed in the ""no year"" group, both of which explicitly state target years in their NDC2 text. This means the ""over half lack net-zero commitments"" conclusion is overstated only 4 of 14 actually do.","The assessed NDCs state 2050 net-zero or climate-neutrality dates for the United Kingdom, European Union, Canada, Japan, South Korea, Australia and Brazil; China and Russia state 2060, and India states 2070. Saudi Arabia, Indonesia, Mexico and Argentina do not state a clear net-zero year in the assessed NDC text. IPCC AR6's around-2050 net-zero CO2 milestone is global, not a uniform national deadline. The source-grounded gap is that several national dates are later than the global milestone and four assessed submissions lack a clear year, rather than that more than half lack a target.",Revise,Moved India and Russia into the correct target-year group and qualified the global-to-national comparison.,"Relevant NDC long-term-target passages; WG3_SPM_2022, net-zero pathway passages",Adjudicated,Not obtained,v1.0
78,G023,GAP DETECTION,HARD,What is the gap between G20 NDC2 food system commitments and IPCC AR6 recommendations for sustainable food systems?,What is the gap between G20 NDC2 food system commitments and IPCC AR6 recommendations for sustainable food systems?,No,"IPCC AR6 WG3 identifies food systems as contributing 23-42% of global GHG emissions and requiring systemic transformation including dietary shifts. G20 NDC2 submissions largely treat agriculture as mitigation and adaptation but do not address food system transformation. Brazil references sustainable agriculture but focuses on crop productivity. India addresses agricultural adaptation (drought, flood resilience) not dietary transition. No G20 NDC2 includes dietary shift policies or food waste reduction targets linked to GHG reductions. GAP: Food system transformation is essentially absent from G20 NDC2 submissions despite IPCC urgency.","IPCC WG3 confirms food systems contribute 23–42% of global GHG emissions (accurate). But the claim that food waste/dietary measures are absent from G20 NDC2s is wrong: China's NDC2 cites a nationwide ""empty-plate"" food waste reduction campaign (p.38), and Turkey's NDC2 explicitly addresses ""reducing food loss and waste"" alongside its below-average meat/dairy consumption (p.14). Brazil and India's agriculture focus on productivity/adaptation, not dietary transition, is correctly characterized.
Source: WG3_TechnicalSummary_2022.pdf (p.65); NDC2_2021_China.pdf (p.38); NDC2_2023_Turkey.pdf (p.14)",Partial,"the 23-42% IPCC figure and Brazil/India characterization are accurate, but the claim that ""no G20 NDC2 includes food waste reduction"" is factually wrong China and Turkey both explicitly address it, so food waste isn't ""essentially absent"" as stated.","IPCC AR6 estimates that food systems account for about 23-42% of global greenhouse-gas emissions and identifies changes across production, consumption, loss and waste as part of mitigation. Many G20 NDCs focus on agricultural productivity, land management and adaptation rather than a quantified food-system transformation. However, food-waste action is not wholly absent: China's NDC refers to an 'empty-plate' campaign and Türkiye addresses reducing food loss and waste. The gap is the limited breadth, quantification and integration of food-system measures, especially dietary and consumption-side pathways, rather than complete absence.",Revise,Corrected the false claim that no G20 NDC includes food-waste measures.,"WG3_TechnicalSummary_2022, p. 65; NDC2_2021_China, p. 38; NDC2_2023_Turkey, p. 14; agriculture passages in Brazil and India",Adjudicated,Not obtained,v1.0
80,G025,GAP DETECTION,HARD,Summarise the three most critical gaps between the collective G20 NDC2 ambition and IPCC AR6 1.5 degree pathway requirements.,Summarise the three most critical gaps between the collective G20 NDC2 ambition and IPCC AR6 1.5 degree pathway requirements.,No,"Three critical gaps between G20 NDC2 collective ambition and IPCC 1.5°C requirements: (1) TIMELINE GAP: Collective G20 NDC2 implementation leads to approximately 2.5°C warming, not 1.5°C. Current pledges represent only 43% of the mitigation needed by 2030. (2) SECTOR GAP: Most NDC2 submissions rely on economy-wide targets without sector-specific decarbonisation roadmaps for industry, transport, and food systems as IPCC requires. (3) FINANCE GAP: The conditional-unconditional gap in developing nations' NDC2 commitments cannot be closed without climate finance that is not committed in any developed nation's NDC2 text. These three gaps are interconnected and mutually reinforcing.","Three document-supportable gaps: (1) Ambition/Timeline IPCC requires 43% below 2019 emissions by 2030 for 1.5°C, but G20 NDC2s use inconsistent baselines (2005, 2018, BAU), so collective ambition doesn't map cleanly to this; no document supports ""~2.5°C warming"" or ""43% of needed mitigation achieved."" (2) Sector Gap most NDC2s rely on economy-wide targets instead of IPCC's recommended sector-specific roadmaps for industry, transport, food systems. (3) Finance Gap developing-nation conditional targets (e.g., Indonesia 29%→41%, Mexico 35%→40%) depend on unmet international finance, while no developed G20 nation commits specific outward finance amounts in its NDC2.
Source: WG3_SPM_2022.pdf (pp.21,32-43); WG3_TechnicalSummary_2022.pdf (p.65); NDC2_2022_Indonesia.pdf (p.11); NDC2_2022_Mexico.pdf (p.9)",Partial," the three-gap structure and sector/finance details are accurate, but the ""~2.5°C warming"" and ""43% of mitigation achieved"" figures appear nowhere in the corpus they wrongly conflate IPCC's required reduction target with an unsupported claim about NDC2 achievement.","Three source-supported gaps are: (1) an ambition and comparability gap - IPCC pathways require roughly a 43% global reduction from 2019 by 2030, while G20 NDCs use heterogeneous baselines and metrics and collectively remain associated with a substantial emissions gap; (2) a sector-specificity gap - many NDCs rely on economy-wide targets without quantified roadmaps for heavy industry, transport and food systems; and (3) a finance and conditionality gap - additional ambition in several developing-country NDCs depends on international finance and technology that are not matched by directly comparable commitments in developed-country NDC texts. The corpus does not support the original 2.5°C or '43% of required mitigation achieved' figures.",Revise,Retained the three-gap structure and removed unsupported collective-warming and achievement estimates.,"WG3_SPM_2022, pp. 21, 32-43; WG3_TechnicalSummary_2022, p. 65; NDC2_2022_Indonesia, pp. 16, 20-22; NDC2_2022_Mexico, p. 9",Adjudicated,Not obtained,v1.0
