Cell ID,Entity,Dimension Code,Policy Dimension,What to Assess,NDC Source/Page,NDC Evidence Excerpt,IPCC Source/Page,IPCC Evidence Excerpt,Figure 2 System Score,Figure 2 System Class,Human Classification,Human Confidence,Reviewer Rationale,Evidence Sufficient?,Suggested Action,Cut-off Flag,Exact Match,Reviewer ID,Review Date,Review Scope
GC-001,Argentina,D1,Renewable Energy Targets,Share of renewable/non-fossil electricity or installed capacity vs IPCC electricity-share benchmark,"Argentina Second NDC (Dec 2020, updated Nov 2021), UNFCCC registry PDF, '2030 Vision — Energy' section, ~p.20; ICTU annex §3","NDC gives no quantified renewable/electricity target — only qualitative language that renewable generation 'will have increased significantly.' The binding 20%-by-2025 electricity target is in a separate instrument, Law 27.191, not in the NDC itself.",IPCC AR6 WGIII Ch.6; SPM.3,1.5–<2°C pathways: low-carbon sources ~93–97% of global electricity by 2050; electricity's share of final energy rises toward ~48–58% by 2050.,0.7,Significant,Not Comparable,Medium,"NDC contains no renewable metric to benchmark against a 2050 electricity-share figure — scope/time-horizon mismatch. If Law 27.191 is credited instead, actual 2025 renewable generation reached only ~15% vs the 20% national target, itself far below the AR6 2050 benchmark, per Climate Action Tracker/Ember (secondary).",Partly,Not Comparable,,0,Reviewer 1,2026-08-07,Exploratory 119-cell review
GC-002,Argentina,D2,Net Zero Pathway,"Net-zero target year, gases/sectors covered vs IPCC net-zero trajectory","Second NDC, 'Long-term strategy' subsection ~p.30 (commits to submitting an LTS by 2050); Argentina LTS/ELP2050 (submitted UNFCCC Nov 2022)","NDC itself only commits to *submitting* a strategy 'with a view to achieving carbon-neutral development by 2050.' The actual net-zero target (GHG neutrality by 2050, all gases/sectors) sits in the separate 2022 LTS, not the NDC text.",IPCC AR6 Synthesis Report SPM B.6; WGIII Ch.3,1.5°C (no/limited overshoot) pathways reach net-zero CO2 in the early 2050s and require GHG cuts of 43% [34–60%] by 2030 and 84% [73–98%] by 2050 vs 2019.,0.7,Significant,Significant,Medium,"2050 GHG-neutrality timing (LTS) is broadly consistent with the AR6 net-zero-CO2 window, but the NDC's own 2030 milestone (349 MtCO2e) is rated 'Highly insufficient' by Climate Action Tracker (secondary) — emissions are projected to keep rising, not fall ~43% as AR6 requires. Net-zero goal exists but is not in the NDC document proper, and near-term trajectory is off-track.",Yes,Retain Figure 2 Class,,1,Reviewer 1,2026-08-07,Exploratory 119-cell review
GC-003,Argentina,D3,Methane Reduction,Specific methane reduction commitment vs IPCC rapid methane reduction requirement,"Second NDC, ICTU §3.b/§5.d (methane covered only inside aggregate target, GWP-100 SAR); Global Methane Pledge membership (secondary: CCAC)","No specific, quantified methane reduction commitment in the NDC — CH4 is folded into the single 349 MtCO2e economy-wide target with no sectoral sub-target. Argentina is a Global Methane Pledge signatory (30% cut from 2020 levels by 2030, collective/global, non-binding, not a national NDC commitment).",IPCC AR6 Synthesis Report SPM B.6.2,1.5°C (>50%) no/limited-overshoot pathways: global methane emissions reduced 34% [21–57%] by 2030 relative to 2019.,0.85,Critical,Absent,High,"No relevant quantified NDC commitment found for methane, matching the rubric's definition of Absent. GMP membership is a global pledge, not a national NDC target, and uses a different baseline year (2020 vs AR6's 2019) — not usable as a substitute commitment.",Yes,Revise Class,,0,Reviewer 1,2026-08-07,Exploratory 119-cell review
GC-004,Argentina,D4,Adaptation Finance,Quantified adaptation finance needs/commitments and conditionality,"Second NDC, Prologue/Executive Summary and §8 'Means of implementation'","35 adaptation measures listed, but with qualitative targets only. Single aggregate finance figure: mitigation+adaptation actions estimated at 'USD 15 billion, with international funding' — not disaggregated by adaptation vs mitigation, and no separate conditional adaptation-finance target.","IPCC AR6 WGII SPM C.3, C.5","AR6 WGII documents a widening adaptation finance gap, noting most tracked climate finance still goes to mitigation and adaptation finance falls short of documented needs, especially for developing countries.",0.85,Critical,Significant,Medium,"Some quantification exists (USD 15bn) and conditionality/means-of-implementation language is present, but the figure is combined mitigation+adaptation and not adaptation-specific, so it under-evidences the dimension relative to what 'Critical'/full-absence would imply.",Partly,Revise Class,,0,Reviewer 1,2026-08-07,Exploratory 119-cell review
GC-005,Argentina,D5,Loss and Damage,"Loss and Damage finance needs, liability/compensation references, or related commitments","Second NDC — confirmed absent (no dedicated section); First Biennial Transparency Report (BTR1, submitted Dec 2024), Chapter 6 'Pérdidas y daños', pp.~290–304 (outside NDC scope)","The NDC contains no dedicated loss-and-damage treatment — no L&D finance need, no liability/compensation reference, no mention of the Warsaw International Mechanism or Santiago Network. L&D first appears nationally in the 2024 BTR1 (e.g. impacts on 14.5M people and 800 lives lost to urban flooding, 1958–2021) but with no consolidated monetary L&D estimate or standalone finance figure — and this sits outside the NDC document itself.",IPCC AR6 WGII SPM B,"AR6 WGII recognizes losses and damages as escalating and unequally distributed, worsening with each increment of warming, with hard and soft adaptation limits already being reached in some systems.",0.7,Significant,Absent,High,"No relevant NDC commitment found, matching the rubric's definition of Absent for the NDC-scoped review. Flagging that a qualitative (non-quantified) L&D treatment does exist in the 2024 BTR1 if the review scope is later broadened beyond the NDC document itself.",Yes,Revise Class,,0,Reviewer 1,2026-08-07,Exploratory 119-cell review
GC-006,Argentina,D6,Transport Sector Targets,Transport electrification/modal shift/sector target vs IPCC transport mitigation pathway,"Second NDC, '2030 Vision — Transport' section, ~p.20","Commits qualitatively to intermodality, active mobility via urban land-use planning, and 'sustainable energy matrices ... focusing on gasification, biofuels, electrification of mobility and use of hydrogen,' with an 'Avoid-Shift-Improve approach' by 2030 — no quantified sectoral emissions or electrification target. Natural gas is framed as a transition fuel.",IPCC AR6 WGIII Ch.10,1.5°C (no/limited overshoot) pathways require a 59% [42–68%] reduction in transport CO2 by 2050 vs modelled 2020 levels; light-duty-vehicle electrification is the leading near-term lever.,0.7,Significant,Not Comparable,Medium,"A qualitative Avoid-Shift-Improve commitment exists and is directionally aligned with AR6's demand/modal-shift + electrification logic, but sets no numeric target, so it cannot be meaningfully harmonised against AR6's quantified 59%-by-2050 metric — scope/metric mismatch rather than absence.",Partly,Not Comparable,,0,Reviewer 1,2026-08-07,Exploratory 119-cell review
GC-007,Argentina,D7,LULUCF and Carbon Sinks,"Land-use commitments, sink accounting, additionality, and offsets","Second NDC, ICTU §3 and §5, 'Market Mechanisms' subsection, National Circumstances (forestry)","LULUCF is not separately targeted — it is folded into the single net 349 MtCO2e economy-wide target, accounted via 2006 IPCC Guidelines with GWP-100 SAR values. NDC reserves Argentina's position on Article 6 market mechanisms pending negotiations and notes it does not estimate harvested-wood-products or natural-disturbance effects. No separate sink target or additionality safeguards beyond general REDD+ references.",IPCC AR6 WGIII Ch.7 (AFOLU),"AFOLU can provide 20–30% of global mitigation needed for 1.5/2°C pathways to 2050 (~8–14 GtCO2e/yr economic potential, 2020–2050), led by forest/ecosystem protection; poorly-planned afforestation risks conflicting with sustainability, and long-term additionality is uncertain.",0.7,Significant,Significant,Medium,"Sinks are present but embedded in a single net headline figure with no separate accounting or robust additionality safeguards, and CAT's own analysis shows the reported total shifts materially (349 to 351 MtCO2e) once LULUCF is excluded and GWP is converted — methodological weakness relative to AR6's AFOLU framing.",Partly,Retain Figure 2 Class,,1,Reviewer 1,2026-08-07,Exploratory 119-cell review
GC-008,Australia,D1,Renewable Energy Targets,Share of renewable/non-fossil electricity or installed capacity vs IPCC electricity-share benchmark,"Australia's 2035 NDC (submitted UNFCCC Sept 18, 2025) + Electricity and Energy Sector Plan 2025 (DCCEEW), p.i and body text","Explicit quantified target: 'Renewable generation increases to reach 82%' of electricity by 2030, part of the package underpinning the NDC's 62–70% economy-wide 2035 target. Framed as enabling 'wide-spread electrification' of other sectors.",IPCC AR6 WGIII Ch.6; SPM.3,1.5–<2°C pathways: low-carbon sources ~93–97% of global electricity by 2050; electricity share of final energy rises toward ~48–58% by 2050.,0.7,Significant,Significant,High,"A specific, quantified, primary-sourced 82%-by-2030 target exists and is directionally consistent with AR6's electricity-decarbonisation trajectory (though the AR6 figure is a 2050 endpoint, so exact numeric comparison is a time-horizon mismatch). Independent commentary (Energy Council of Australia) flags that electricity is 'doing most of the heavy lifting' while other sectors lag, which is a real but second-order concern for this dimension specifically.",Yes,Retain Figure 2 Class,Potential post-cut-off source/date,1,Reviewer 1,2026-08-07,Exploratory 119-cell review
GC-009,Australia,D2,Net Zero Pathway,"Net-zero target year, gases/sectors covered vs IPCC net-zero trajectory",2035 NDC (Sept 2025); Climate Change Act 2022 (Cth) — legislates net zero by 2050; Net Zero Plan 2025,"NDC commits to 62–70% below 2005 levels by 2035, 'covering all sectors of the economy and GHGs' (NDC Partnership summary of registered NDC), reaffirming the legislated net-zero-by-2050 target. Climate Action Tracker (secondary): even the top of the CCA's own 1.5°C-referenced pathway 'only reduces domestic emissions 29% below 2005 levels by 2030 and 49% by 2035' excluding LULUCF — well short of the 41%/57% CAT says is required.",IPCC AR6 Synthesis Report SPM B.6; WGIII Ch.3,"1.5°C (no/limited overshoot) pathways reach net-zero CO2 in the early 2050s, with GHG cuts of 43% [34–60%] by 2030 and 84% [73–98%] by 2050 vs 2019.",0.7,Significant,Significant,High,"All-sector, all-gas net-zero-by-2050 target is legislated and timed consistently with the AR6 net-zero-CO2 window, but CAT rates the underlying 2030/2035 trajectory 'Insufficient,' and the pathway leans heavily on land-sector sequestration (up to ~180 MtCO2/yr by 2050) rather than gross emissions cuts — a real ambition/robustness gap short of 'Aligned.'",Yes,Retain Figure 2 Class,Potential post-cut-off source/date,1,Reviewer 1,2026-08-07,Exploratory 119-cell review
GC-010,Australia,D3,Methane Reduction,Specific methane reduction commitment vs IPCC rapid methane reduction requirement,"Global Methane Pledge signatory (Oct 2022, DCCEEW/Minister media release); Resources Sector Plan 2025 (industry.gov.au) — methane abatement in coal/gas; Safeguard Mechanism reforms","Australia joined the Global Methane Pledge, 'committing to reduce global methane emissions across all sectors by at least 30% below 2020 levels by 2030' (non-binding, collective, not a national NDC sub-target). The Resources Sector Plan sets qualitative actions (coal-mine fugitive detection/abatement, Resources Methane Abatement Fund) with no quantified national methane target in the NDC itself.",IPCC AR6 Synthesis Report SPM B.6.2,1.5°C (>50%) no/limited-overshoot pathways: global methane emissions reduced 34% [21–57%] by 2030 relative to 2019.,0.85,Critical,Critical,Medium,"Despite the 30% GMP pledge, Climate Action Tracker (secondary, citing DCCEEW 2025a) reports Australia's total methane emissions (incl. LULUCF) are 'projected to fall to just 1% below 2024 levels by 2030' — a large gap between the pledge/AR6 benchmark and the actual projected trajectory, and no binding national target exists to close it.",Partly,Retain Figure 2 Class,,1,Reviewer 1,2026-08-07,Exploratory 119-cell review
GC-011,Australia,D4,Adaptation Finance,Quantified adaptation finance needs/commitments and conditionality,"National Adaptation Plan (NAP, DCCEEW, released Sept 2025), Introduction; 2025–26 Budget","NAP: 'There is already extensive action... with $3.6 billion committed to adaptation and resilience measures since 2022 and around $9 billion out to 2030.' The 2025–26 Budget adds $354 million in new adaptation funding plus $632.5 million over the medium term. Funding is domestic and largely unconditional (government-committed), though the NAP itself states 'there is an adaptation action shortfall across all systems, risks, jurisdictions, and geographies.'","IPCC AR6 WGII SPM C.3, C.5","AR6 WGII documents a widening adaptation finance gap; most tracked climate finance still goes to mitigation, and adaptation finance falls short of documented needs.",0.65,Significant,Significant,High,"Real, quantified, multi-year domestic adaptation funding streams exist (a stronger evidentiary position than Argentina's aggregated figure), but independent analysis (IGCC, secondary) notes the NAP 'lacks firm commitments... no clear timelines, and no flagship actions with funding attached,' which keeps this short of 'Aligned.'",Yes,Retain Figure 2 Class,Potential post-cut-off source/date,1,Reviewer 1,2026-08-07,Exploratory 119-cell review
GC-012,Australia,D5,Loss and Damage,"Loss and Damage finance needs, liability/compensation references, or related commitments","DFAT Pacific regional climate finance page; Pacific Resilience Facility (Australian Government commitment, referenced alongside the 2035 target)","No domestic loss-and-damage finance need or liability/compensation claim is made for Australia itself (as a developed country, its L&D exposure is treated as an international-support question, not a domestic one). Internationally, Australia funds the Pacific Resilience Facility, which 'will provide grants for climate adaptation, disaster preparedness, nature-based solutions and projects which respond to loss and damage,' as part of AUD3.9 billion in climate finance delivered 2020–25 (AUD1.3 billion to the Pacific).",IPCC AR6 WGII SPM B,"AR6 WGII recognizes losses and damages as escalating, unequally distributed, and worsening with each increment of warming, with hard/soft adaptation limits already reached in some systems.",1,Absent,Significant,Medium,"The system's default 'Absent' appears based on there being no domestic NDC-text L&D clause, but a real, quantified, named L&D-responsive finance commitment exists via the Pacific Resilience Facility — it is international-facing rather than a domestic need statement, which is the correct scope for a developed-country NDC, so 'Absent' undersells the evidence found.",Partly,Revise Class,,0,Reviewer 1,2026-08-07,Exploratory 119-cell review
GC-013,Australia,D6,Transport Sector Targets,Transport electrification/modal shift/sector target vs IPCC transport mitigation pathway,Transport Sector Plan 2025 (Dept. of Infrastructure); Net Zero Plan; National Electric Vehicle Strategy / New Vehicle Efficiency Standard,Sets 5 qualitative 'priority actions' (electrify and increase transport energy performance; switch to low-carbon liquid fuels where electrification isn't feasible; invest in enabling infrastructure; innovate; reduce embodied emissions) aiming to 'prevent transport from becoming the top emissions source by 2030' — no quantified transport-sector emissions-reduction percentage or electrification-share target found in the primary plan text.,IPCC AR6 WGIII Ch.10,1.5°C (no/limited overshoot) pathways require a 59% [42–68%] reduction in transport CO2 by 2050 vs modelled 2020 levels; light-duty-vehicle electrification is the leading near-term lever.,0,Aligned,Not Comparable,Medium,"The system's default score (0.00 → 'Aligned') looks like a placeholder for missing data rather than a genuine evaluation — the Transport Sector Plan is real and directionally matches AR6's electrification logic, but sets no numeric target, so it cannot be meaningfully benchmarked against AR6's quantified 59%-by-2050 figure.",Partly,Revise Class,Potential post-cut-off source/date,0,Reviewer 1,2026-08-07,Exploratory 119-cell review
GC-014,Australia,D7,LULUCF and Carbon Sinks,"Land-use commitments, sink accounting, additionality, and offsets","2035 NDC / Net Zero Plan (DCCEEW, Sept 2025), p.44 vicinity; Climate Change Authority 2035 Targets Advice; ACCU Scheme (Clean Energy Regulator)","LULUCF is embedded in the headline target: the 43%-by-2030 figure includes LULUCF, but is only ~23% excluding it (Climate Action Tracker, secondary, citing DCCEEW projections). The Net Zero Plan explicitly relies on 'an increasingly large amount of carbon removals to 2050 through reforestation and other land sector activities' — IGCC (secondary) cites land sequestration growing from ~74 MtCO2e/yr (2025) to ~167 MtCO2e/yr (2050), with ACCUs (Australian Carbon Credit Units) and Article 6 international units both permitted as offsets under the Safeguard Mechanism.",IPCC AR6 WGIII Ch.7 (AFOLU),"AFOLU can provide 20–30% of global mitigation needed for 1.5/2°C pathways to 2050 (~8–14 GtCO2e/yr economic potential), led by forest/ecosystem protection; the chapter flags long-term additionality and permanence uncertainty for land-sink-heavy strategies.",1,Absent,Critical,High,"The system's default score (1.00 → 'Absent') is inconsistent with the evidence — LULUCF is not absent, it is heavily and increasingly relied upon. Climate Action Tracker notes successive upward revisions to projected LULUCF sequestration have made 'the NDC target progressively easier to reach' without corresponding gross cuts elsewhere — a genuine integrity/additionality concern that argues for 'Critical' rather than either 'Absent' or a clean 'Aligned'/'Significant.'",Yes,Revise Class,Potential post-cut-off source/date,0,Reviewer 1,2026-08-07,Exploratory 119-cell review
GC-015,Brazil,D1,Renewable Energy Targets,Share of renewable/non-fossil electricity or installed capacity vs IPCC electricity-share benchmark,"Brazil's Second/2035 NDC (submitted UNFCCC Nov 2024, COP29); Ten-Year Energy Expansion Plan (EPE); Novo PAC infrastructure programme","NDC states renewables (hydro, wind, solar) already comprise '89.1% of the country's electricity mix' and commits only qualitatively to 'seek to expand electricity generation with an increased share of technology and clean sources' — no fixed numeric 2035 renewable-share target. The Ten-Year Energy Expansion Plan projects renewables at ~86% of the electricity mix by 2034, 'indicating little change from current levels'; Novo PAC targets 80% of *added* capacity from renewables but allocates only ~12% of total plan investment to renewable energy.",IPCC AR6 WGIII Ch.6; SPM.3,"1.5–<2°C pathways: low-carbon sources ~93–97% of global electricity by 2050. Climate Analytics' Brazil-specific 1.5°C-compatible benchmark (secondary, derived from AR6 methodology) is 97–98% renewables share in electricity generation.",0.7,Significant,Significant,High,"Brazil starts from an unusually high renewable baseline (89.1%), but the NDC sets no numeric target to lock in progress, and near-term plans (Ten-Year Energy Plan, Novo PAC) show the share stagnating or declining as gas and nuclear generation expand — falling short of the ~97-98% 1.5°C-aligned benchmark rather than closing on it.",Yes,Retain Figure 2 Class,Potential post-cut-off source/date,1,Reviewer 1,2026-08-07,Extended 35-cell diagnostic subset
GC-016,Brazil,D2,Net Zero Pathway,"Net-zero target year, gases/sectors covered vs IPCC net-zero trajectory","2035 NDC (Nov 2024); National Mitigation Strategy (ENM, 2025); revised National Climate Change Policy (PNMC)","NDC includes a goal to reach 'climate neutrality by 2050 (for all GHGs)' covering all sectors, with an interim 2035 emissions ceiling of 0.85–1.05 GtCO2e (59–67% below 2005). The National Mitigation Strategy separately sets a more ambitious 2040 carbon-neutrality goal, but for CO2 only. Brazil has not yet submitted a Long-Term Strategy to the UNFCCC.",IPCC AR6 Synthesis Report SPM B.6; WGIII Ch.3,"1.5°C (no/limited overshoot) pathways reach net-zero CO2 in the early 2050s, with GHG cuts of 43% [34–60%] by 2030 and 84% [73–98%] by 2050 vs 2019.",0.7,Significant,Significant,High,"2050 all-GHG neutrality target exists and is timed consistently with AR6, but Climate Action Tracker (secondary) rates the 2035 NDC 'not 1.5°C aligned,' noting the ambition gap versus a modelled domestic pathway 'has grown compared to 2030,' and that the target is heavily reliant on transforming the land sector into a net sink rather than genuine cuts across the rest of the economy.",Yes,Retain Figure 2 Class,Potential post-cut-off source/date,1,Reviewer 1,2026-08-07,Extended 35-cell diagnostic subset
GC-017,Brazil,D3,Methane Reduction,Specific methane reduction commitment vs IPCC rapid methane reduction requirement,"Global Methane Pledge signatory (COP26, 2021); NDC 'national mitigation objectives' text (Nov 2024); Plano Clima agriculture & livestock sector plan (2025)","Brazil signed the Global Methane Pledge, committing to 'reducing 30% of its methane emissions by 2030' (collective, non-binding, 2020 baseline). The NDC references reducing non-CO2 GHGs including methane as a mitigation objective, but per investigative reporting (SUMAÚMA, secondary) the agriculture sector plan under Plano Clima 'does not call for a reduction in emissions from agriculture by 2035' — agriculture/livestock is ~half of Brazil's emissions excl. LULUCF, with ~75% of that as methane and N2O from livestock (SEEG data via CAT).",IPCC AR6 Synthesis Report SPM B.6.2,1.5°C (>50%) no/limited-overshoot pathways: global methane emissions reduced 34% [21–57%] by 2030 relative to 2019.,0.85,Critical,Critical,High,"A quantified pledge exists (GMP, 30% by 2030) but the sector responsible for the large majority of Brazil's methane — livestock agriculture — is explicitly exempted from any 2035 reduction requirement in the sectoral implementation plan, which is a direct, well-evidenced disconnect between the pledge and actual sectoral policy.",Yes,Retain Figure 2 Class,,1,Reviewer 1,2026-08-07,Formal cut-off-compliant 8-cell subset
GC-018,Brazil,D4,Adaptation Finance,Quantified adaptation finance needs/commitments and conditionality,"2035 NDC (Nov 2024) — sustainable sovereign bonds; National Adaptation Strategy (ENA, public consultation late 2024); National Adaptation Plan (submitted UNFCCC Feb 2026)","NDC notes Brazil issued '$2bn in sustainable sovereign bonds' (Nov 2023 and June 2024) whose proceeds fund deforestation control, biodiversity conservation, replenishing the Climate Fund, renewable energy/clean transport, and anti-poverty programs — a real but not adaptation-exclusive figure. Brazil has since completed and submitted a full National Adaptation Plan to the UNFCCC (Feb 2026), following 16 sectoral/thematic adaptation plans developed under Plano Clima.","IPCC AR6 WGII SPM C.3, C.5","AR6 WGII documents a widening adaptation finance gap; most tracked climate finance still goes to mitigation, and adaptation finance falls short of documented needs in developing countries.",0.85,Critical,Significant,Medium,"Brazil now has one of the more complete adaptation planning architectures reviewed so far (ENA + 16 sectoral plans + formally submitted NAP), which argues against 'Critical'/near-absence; however, the only quantified finance figure found in the NDC itself is a mixed-use bond program, not a disaggregated adaptation-finance commitment, so full alignment can't be confirmed from NDC text alone.",Partly,Revise Class,Potential post-cut-off source/date,0,Reviewer 1,2026-08-07,Extended 35-cell diagnostic subset
GC-019,Brazil,D5,Loss and Damage,"Loss and Damage finance needs, liability/compensation references, or related commitments","2035 NDC (Nov 2024) — no dedicated loss-and-damage section found; COP30 Belem outcomes (Nov 2025, hosted by Brazil) — Loss and Damage Fund operationalisation, Fund for Responding to Loss and Damage (FRLD)","No specific loss-and-damage finance need, liability/compensation reference, or standalone L&D commitment was found in Brazil's own NDC text. As COP30 host, Brazil convened and helped finalize L&D architecture at the multilateral level (WIM, Santiago Network, FRLD operationalisation), but this is a convening/presidency role in the UNFCCC process rather than a national commitment within Brazil's own NDC.",IPCC AR6 WGII SPM B,"AR6 WGII recognizes losses and damages as escalating, unequally distributed, and worsening with each increment of warming, with hard/soft adaptation limits already reached in some systems.",1,Absent,Absent,Medium,"No relevant NDC-text commitment found, consistent with 'Absent.' Brazil's high-profile role hosting COP30's loss-and-damage outcomes is real and worth noting in context, but it is an institutional/process contribution, not a quantified national L&D commitment comparable to the other dimensions' evidence bar.",Partly,Retain Figure 2 Class,Potential post-cut-off source/date,1,Reviewer 1,2026-08-07,Extended 35-cell diagnostic subset
GC-020,Brazil,D6,Transport Sector Targets,Transport electrification/modal shift/sector target vs IPCC transport mitigation pathway,"2035 NDC (Nov 2024), transport sectoral mitigation plan text; RenovaBio (National Biofuels Policy, Law 13,576/2017); Future Fuel Law (Law 14,993/2024)","NDC transport plan commits to 'replacing fossil fuels with electricity and biofuels,' with hydrogen anticipated by 2035 and sub-sector-specific instruments for aviation, rail, road, and maritime transport. RenovaBio does carry a quantified target — reducing the carbon intensity of transport fuels by approximately 12% by 2035 (via ~600 million CBIO credits) — but this is a fuel carbon-intensity metric, not an absolute transport-emissions target, and Climate Action Tracker (secondary) notes the NDC 'fails to include a fixed timeline for phasing out fossil fuels' in transport.",IPCC AR6 WGIII Ch.10,1.5°C (no/limited overshoot) pathways require a 59% [42–68%] reduction in transport CO2 by 2050 vs modelled 2020 levels; light-duty-vehicle electrification is the leading near-term lever.,0,Aligned,Not Comparable,Medium,"The system's default score (0.00 → 'Aligned') again looks like a missing-data placeholder rather than a genuine evaluation. A quantified sub-target exists (RenovaBio's ~12% carbon-intensity cut by 2035), but it measures fuel carbon intensity rather than absolute transport emissions, so it cannot be directly benchmarked against AR6's 59%-by-2050 absolute-emissions metric — a genuine scope/metric mismatch.",Partly,Revise Class,Potential post-cut-off source/date,0,Reviewer 1,2026-08-07,Extended 35-cell diagnostic subset
GC-021,Brazil,D7,LULUCF and Carbon Sinks,"Land-use commitments, sink accounting, additionality, and offsets","2035 NDC / National Mitigation Strategy sectoral contributions (2025); Tropical Forests Forever Fund (TFFF, launched COP30 Nov 2025)","Following the 2035 NDC, Brazil's National Mitigation Strategy and Plano Clima sectoral contributions reveal the target relies on 'large reductions in the land use, land use change and forestry (LULUCF) sector, while projected emissions in other key sectors such as industry, agriculture, energy and transport remain stable or even increase' (Climate Action Tracker, secondary, characterizing the published sectoral plan data). Brazil launched the Tropical Forests Forever Fund at COP30 (raised $5.5–6.7bn of a $25bn goal), a performance-based payment mechanism rewarding standing forest, and the NDC signals intent to use Article 6 to sell part of its emission reductions internationally.",IPCC AR6 WGIII Ch.7 (AFOLU),"AFOLU can provide 20–30% of global mitigation needed for 1.5/2°C pathways to 2050 (~8–14 GtCO2e/yr economic potential), led by forest/ecosystem protection; the chapter flags long-term additionality and permanence uncertainty for land-sink-heavy strategies.",0.7,Significant,Critical,High,"LULUCF is not just embedded but is explicitly the primary mechanism carrying Brazil's target, while CAT states this approach is 'effectively slowing down the much needed fossil fuel phase out and emissions reductions in other sectors' — a direct, well-evidenced substitution risk (using forest-sector gains to avoid decarbonising energy, industry, transport and agriculture) that argues for 'Critical' over the system's 'Significant.'",Yes,Revise Class,Potential post-cut-off source/date,0,Reviewer 1,2026-08-07,Extended 35-cell diagnostic subset
GC-022,Canada,D1,Renewable Energy Targets,Share of renewable/non-fossil electricity or installed capacity vs IPCC electricity-share benchmark,"Clean Electricity Regulations (finalized Dec 2024, CEPA 1999); Powering Canada's Future / National Electricity Strategy (NRCan)","Federal regulation mandates a net-zero-emitting electricity grid starting in 2035 (limited, capped exceptions for CCS-equipped or short-life gas units). Primary source (Zero Emission Transit Fund page, NRCan) states 'Canada generates approximately 82% of its electricity from zero emission power sources' already, with six provinces above 90%. The National Electricity Strategy also targets doubling electricity supply by 2050 to support economy-wide electrification.",IPCC AR6 WGIII Ch.6; SPM.3,1.5–<2°C pathways: low-carbon sources ~93–97% of global electricity by 2050.,0.7,Significant,Aligned,Medium,"Canada is already close to the AR6 low-carbon-electricity share (82% today) and has a legislated target reaching effectively 100% non-emitting by 2035 — well ahead of AR6's 2050 horizon. Caveat: the target is 'net-zero-emitting' (includes CCS-equipped and limited-life gas), not strictly 'renewable,' which is a modest scope difference from the dimension's literal wording, but functionally the strongest D1 case reviewed so far.",Yes,Revise Class,Potential post-cut-off source/date,0,Reviewer 1,2026-08-07,Exploratory 119-cell review
GC-023,Canada,D2,Net Zero Pathway,"Net-zero target year, gases/sectors covered vs IPCC net-zero trajectory","2035 NDC (submitted UNFCCC Feb 11, 2025); Canadian Net-Zero Emissions Accountability Act (2021)","NDC commits to 45–50% below 2005 levels by 2035, building on the existing 40–45%-by-2030 target, all sectors/gases, with net-zero by 2050 legislated under the CNZEAA. Notably, 'the submission did not increase ambition for 2030' (Climate Action Tracker, secondary).",IPCC AR6 Synthesis Report SPM B.6; WGIII Ch.3,"1.5°C (no/limited overshoot) pathways reach net-zero CO2 in the early 2050s, with GHG cuts of 43% [34–60%] by 2030 and 84% [73–98%] by 2050 vs 2019.",0.7,Significant,Significant,High,"Legislated, all-sector 2050 target is timed consistently with AR6, but CAT rates Canada's overall climate action 'Highly Insufficient,' citing weakened policy ambition (including the 2025 removal of the consumer carbon price) and a 2035 target increase CAT calls only 'modest' relative to 2030 — a real implementation gap short of full alignment.",Yes,Retain Figure 2 Class,Potential post-cut-off source/date,1,Reviewer 1,2026-08-07,Exploratory 119-cell review
GC-024,Canada,D3,Methane Reduction,Specific methane reduction commitment vs IPCC rapid methane reduction requirement,Canada's Methane Strategy (2022); 2030 Emissions Reduction Plan,"Canada's Methane Strategy 'outlines measures to further reduce domestic methane emissions by more than 35% by 2030, compared with 2020 levels' — a specific, quantified national target (not just a pledge), covering the oil & gas sector primarily. CAT (secondary) notes 'strengthened regulations to curb methane emissions in the oil and fossil gas sector and the introduction of an emissions cap for the same sector are still pending.'",IPCC AR6 Synthesis Report SPM B.6.2,1.5°C (>50%) no/limited-overshoot pathways: global methane emissions reduced 34% [21–57%] by 2030 relative to 2019.,0.65,Significant,Significant,High,"This is the strongest national (not just pledge-level) methane commitment reviewed so far — a specific >35%-by-2030 target roughly matching AR6's 34% benchmark in ambition, though on a 2020 rather than 2019 baseline. Falls short of 'Aligned' because key implementing regulations (oil & gas methane rules, sector emissions cap) remain unfinished per CAT.",Yes,Retain Figure 2 Class,,1,Reviewer 1,2026-08-07,Exploratory 119-cell review
GC-025,Canada,D4,Adaptation Finance,Quantified adaptation finance needs/commitments and conditionality,"National Adaptation Strategy (NAS, 2023) and federal Adaptation Action Plan; Canada's international climate finance commitment (2021)","NAS launch included CAD 1.6 billion in new federal funding over 5 years; cumulative federal adaptation investment exceeds $6.5 billion since 2015 ($2 billion since fall 2022 for NAS implementation specifically), with disaster-relief-inclusive federal spending over $10 billion. Internationally, Canada doubled its climate finance commitment to CAD 5.3 billion (2021–2026) and joined the Champions Group on Adaptation Finance advocating a doubling of global adaptation finance.","IPCC AR6 WGII SPM C.3, C.5","AR6 WGII documents a widening adaptation finance gap; most tracked climate finance still goes to mitigation, and adaptation finance falls short of documented needs in developing countries.",0.85,Critical,Significant,High,"Quantified, multi-year domestic and international adaptation finance figures are among the most detailed reviewed so far. However, independent civil-society analysis (Climate Proof Canada, secondary) argues actual need is 'at least $5.3 billion annually' — well above what's currently committed — which is real evidence of a funding gap rather than full alignment.",Yes,Revise Class,,0,Reviewer 1,2026-08-07,Exploratory 119-cell review
GC-026,Canada,D5,Loss and Damage,"Loss and Damage finance needs, liability/compensation references, or related commitments","COP28 backgrounder (Dec 2023, ECCC); National Adaptation Strategy (2023), international geopolitics/loss-and-damages risk section","Canada announced CAD 16 million in seed funding to the international Loss and Damage Fund at COP28 (established following the COP27 decision), described as building on Canada's efforts 'to address loss and damage in climate-vulnerable countries,' funded under its CAD 5.3bn international climate finance envelope. The National Adaptation Strategy also names 'loss and damages' explicitly as an international-geopolitics risk category.",IPCC AR6 WGII SPM B,"AR6 WGII recognizes losses and damages as escalating, unequally distributed, and worsening with each increment of warming, with hard/soft adaptation limits already reached in some systems.",0.7,Significant,Significant,High,"A specific, quantified, named contribution to the international L&D Fund is a stronger and more concrete piece of evidence than most countries reviewed (which had either no commitment or only general finance-facility language). $16 million is modest relative to global L&D need, which is why this falls short of 'Aligned.'",Yes,Retain Figure 2 Class,,1,Reviewer 1,2026-08-07,Exploratory 119-cell review
GC-027,Canada,D6,Transport Sector Targets,Transport electrification/modal shift/sector target vs IPCC transport mitigation pathway,"National Zero-Emission Vehicle (ZEV) sales mandate (regulation); Zero Emission Transit Fund (5,000 buses commitment); Zero-Emission Trucking Program ($75.8M)","Canada has a legally mandated national ZEV sales target (100% of new light-duty vehicle sales to be zero-emission by 2035, per the ZEV regulations referenced by CAT), plus dedicated federal funding programs for transit and freight electrification. However, secondary reporting (Climate Scorecard, Aug 2025) notes 'Canadians await a plan to replace carbon pricing and a revisit of Canada's mandate,' with 'EV sales... plummeting due to trade issues with the USA,' signalling political uncertainty around the mandate's durability under the new government.",IPCC AR6 WGIII Ch.10,1.5°C (no/limited overshoot) pathways require a 59% [42–68%] reduction in transport CO2 by 2050 vs modelled 2020 levels; light-duty-vehicle electrification is the leading near-term lever.,0,Aligned,Not Comparable,Medium,"This is a more concrete, quantified transport commitment than most peers reviewed (a real sales-share mandate, not just qualitative language), but it measures new-vehicle sales share rather than absolute transport-sector emissions, so it cannot be directly benchmarked against AR6's 59%-by-2050 absolute-emissions metric — and its near-term political durability is now in question per secondary reporting.",Partly,Revise Class,,0,Reviewer 1,2026-08-07,Exploratory 119-cell review
GC-028,Canada,D7,LULUCF and Carbon Sinks,"Land-use commitments, sink accounting, additionality, and offsets","2035 NDC (Feb 2025); 2024/2025 National Inventory Report (NIR), Environment and Climate Change Canada","Canada's 2035 target excludes LULUCF from the 2005 baseline but uses a 'gross-net' approach that partially counts LULUCF sink categories and potential engineered carbon dioxide removal toward achieving the target (Climate Action Tracker, secondary). Critically, 'with improved forestry data in the 2024 National Inventory Report, Canada's LULUCF shifted from a net sink to a net source of emissions across the entire historical period' — i.e., the land sector Canada had been counting on as a sink no longer functions as one in the updated accounting.",IPCC AR6 WGIII Ch.7 (AFOLU),"AFOLU can provide 20–30% of global mitigation needed for 1.5/2°C pathways to 2050 (~8–14 GtCO2e/yr economic potential), led by forest/ecosystem protection; the chapter flags long-term additionality and permanence uncertainty for land-sink-heavy strategies.",0.7,Significant,Critical,High,"This is the most severe LULUCF integrity issue found among countries reviewed so far: Canada's target design assumed land-sector sink contributions that a subsequent official inventory revision showed do not currently exist (LULUCF flipped to a net source), directly undermining the credibility of the 'gross-net' accounting approach used to help meet the 2035 target.",Yes,Revise Class,Potential post-cut-off source/date,0,Reviewer 1,2026-08-07,Exploratory 119-cell review
GC-029,China,D1,Renewable Energy Targets,Share of renewable/non-fossil electricity or installed capacity vs IPCC electricity-share benchmark,"China's 2035 NDC (submitted UNFCCC Nov 3, 2025, announced by Xi Jinping Sept 24, 2025)","NDC commits to increasing non-fossil energy to 'over 30% of total energy consumption by 2035' (up from a 25% target for 2030) and raising installed wind and solar capacity to 'over 3.6 TW by 2035 (≈ six times 2020 levels).' Per Climate Action Tracker (secondary), China 'has overachieved its 2030 NDC targets for renewable energy capacity... in 2024' and remains on track for its 25% non-fossil share under current policy.",IPCC AR6 WGIII Ch.6; SPM.3,1.5–<2°C pathways: low-carbon sources ~93–97% of global electricity by 2050.,0.6,Significant,Significant,High,"Absolute capacity targets are large, quantified, and have a strong track record of overachievement, but the NDC metric (non-fossil share of *total energy*, not electricity) differs from AR6's electricity-share benchmark, and coal still supplied 58% of power generation in 2024 with 291 GW of new coal capacity in the pipeline (CAT, secondary) — the NDC calls for 'strict control' of fossil consumption rather than a phase-out, which caps this below 'Aligned.'",Yes,Retain Figure 2 Class,Potential post-cut-off source/date,1,Reviewer 1,2026-08-07,Extended 35-cell diagnostic subset
GC-030,China,D2,Net Zero Pathway,"Net-zero target year, gases/sectors covered vs IPCC net-zero trajectory",2035 NDC (Nov 2025); Xi Jinping's 2020 UNGA net-zero-by-2060 announcement,"For the first time, China's NDC sets an absolute (not intensity-based) target: reduce economy-wide net GHG emissions 7–10% below peak levels by 2035, 'striving to do better,' reaffirming net-zero by 2060. Climate Action Tracker (secondary) notes this 'represents a shift from intensity-based targets to absolute emission reductions for the first time, albeit from an unclear baseline' since China's peak year is not clearly defined.",IPCC AR6 Synthesis Report SPM B.6; WGIII Ch.3,"1.5°C (no/limited overshoot) pathways reach net-zero CO2 in the early 2050s, with GHG cuts of 43% [34–60%] by 2030 and 84% [73–98%] by 2050 vs 2019.",0.6,Significant,Significant,High,"A real structural shift to an absolute target is genuine progress, but CAT rates it 'not 1.5°C compatible' and multiple outlets (Climate Home News, CFR) characterized the 7–10% figure as 'timid'/'underwhelming' for the world's largest emitter, with the 2060 net-zero date itself a decade later than AR6's net-zero-CO2 window.",Yes,Retain Figure 2 Class,Potential post-cut-off source/date,1,Reviewer 1,2026-08-07,Extended 35-cell diagnostic subset
GC-031,China,D3,Methane Reduction,Specific methane reduction commitment vs IPCC rapid methane reduction requirement,"2035 NDC (Nov 2025), non-CO2 GHG targets; China's Methane Emissions Control Action Plan (Nov 2023); 15th Five-Year Plan","The 2035 NDC covers all GHGs for the first time (previously CO2-only) and sets quantified non-CO2 targets — cutting HFC production/consumption by 'at least 30%' by 2035 and raising livestock manure reuse to over 85% by 2035 — but sets no standalone quantitative methane target. Climate Action Tracker (secondary): 'the absence of standalone quantitative targets for methane... limits accountability,' and China's 2023 Methane Action Plan 'does not specify any quantitative emission reduction' target at all. The 15th FYP's non-CO2 control projects (covering methane, N2O, HFCs together) target just 30 MtCO2e of reduction — small relative to China's methane footprint, especially unaddressed coal-mine methane.",IPCC AR6 Synthesis Report SPM B.6.2,1.5°C (>50%) no/limited-overshoot pathways: global methane emissions reduced 34% [21–57%] by 2030 relative to 2019.,0.65,Significant,Critical,High,"Despite years of bilateral commitments (2021 US-China Joint Glasgow Declaration) and a dedicated action plan, China has never published a quantified national methane target, and CAT explicitly flags coal-mine methane — a major, well-understood source — as still lacking dedicated measures. This is a clearer 'no quantified commitment' case than Canada's (which has a real 35%-by-2030 target) or even Brazil's (GMP membership at least sets a number).",Partly,Revise Class,Potential post-cut-off source/date,0,Reviewer 1,2026-08-07,Extended 35-cell diagnostic subset
GC-032,China,D4,Adaptation Finance,Quantified adaptation finance needs/commitments and conditionality,2035 NDC (Nov 2025) — 'climate adaptive society' language; National Climate Change Adaptation Strategy 2035 (2022),"The NDC states China will 'basically establish a climate adaptive society' by 2035, building on the 2022 National Climate Change Adaptation Strategy, with measures on monitoring/early warning, ecosystem and economic resilience, and urban resilience. Per Sino-German Cooperation on Climate Change (secondary), 'notably, no quantifiable targets are defined' for these adaptation measures — no domestic adaptation finance figure was found in the NDC or Strategy text.","IPCC AR6 WGII SPM C.3, C.5","AR6 WGII documents a widening adaptation finance gap; most tracked climate finance still goes to mitigation, and adaptation finance falls short of documented needs in developing countries.",0.65,Significant,Absent,Medium,"Unlike most other dimensions in China's 2035 NDC (which do carry real numbers), adaptation is explicitly qualitative only — multiple secondary sources converge on the same finding that no quantifiable domestic adaptation targets or finance figures exist, which matches the rubric's definition of 'Absent' for this dimension even though a named strategy exists.",Partly,Revise Class,Potential post-cut-off source/date,0,Reviewer 1,2026-08-07,Extended 35-cell diagnostic subset
GC-033,China,D5,Loss and Damage,"Loss and Damage finance needs, liability/compensation references, or related commitments","China South-South Climate Cooperation Fund (announced 2015, RMB 20bn/$3.1bn pledge); Xie Zhenhua COP27 statement (2022); WRI China climate finance study (2013–2022)","China has formally declined to pay into the UNFCCC Loss and Damage Fund, with climate envoy Xie Zhenhua stating at COP27 that China 'is not obliged to contribute' as a developing country. However, China does provide L&D-adjacent bilateral support — e.g., 'the $90 million USD that China has provided to flood-hit Pakistan in 2022' — and a broader South-South Climate Cooperation Fund pledge (RMB 20bn/$3.1bn, 2015), though delivery has lagged: 'China has so far delivered 10% of its promised... Fund, or 2 billion yuan' as of COP27 (secondary, Dialogue Earth). A separate WRI analysis found China provided/mobilized $45 billion (2013–2022, ~$4.5bn/yr) in broader climate finance to developing countries, not L&D-specific.",IPCC AR6 WGII SPM B,"AR6 WGII recognizes losses and damages as escalating, unequally distributed, and worsening with each increment of warming, with hard/soft adaptation limits already reached in some systems.",0.7,Significant,Significant,Medium,"Real, named, quantified bilateral L&D-adjacent aid exists (Pakistan flood response) alongside a large but significantly underdelivered multilateral pledge (~10% of $3.1bn delivered after 7 years) — genuine evidence, but well short of 'Aligned' given the delivery gap and China's explicit refusal to formally contribute to the UNFCCC L&D Fund itself.",Partly,Retain Figure 2 Class,,1,Reviewer 1,2026-08-07,Formal cut-off-compliant 8-cell subset
GC-034,China,D6,Transport Sector Targets,Transport electrification/modal shift/sector target vs IPCC transport mitigation pathway,"2035 NDC (Nov 2025), transport sectoral targets","NDC commits to making 'new energy vehicles the mainstream in new vehicle sales' by 2035 (no numeric share given), shifting bulk cargo/container freight to waterways and rail, developing multimodal transport systems, and promoting cleaner energy in shipping and aviation. Asia Society (secondary) notes the NEV-mainstream goal is one of the targets that has 'largely already been achieved,' suggesting low incremental ambition. No absolute transport-emissions or numeric electrification-share target is set.",IPCC AR6 WGIII Ch.10,1.5°C (no/limited overshoot) pathways require a 59% [42–68%] reduction in transport CO2 by 2050 vs modelled 2020 levels; light-duty-vehicle electrification is the leading near-term lever.,1,Absent,Not Comparable,Medium,"The system's default score (1.00 → 'Absent') doesn't match the evidence — real, if qualitative, transport commitments exist in the NDC (freight modal shift, NEV mainstreaming, shipping/aviation). But with no numeric target and 'largely already achieved' status per independent commentary, it cannot be meaningfully benchmarked against AR6's quantified 59%-by-2050 absolute-emissions metric.",Partly,Revise Class,Potential post-cut-off source/date,0,Reviewer 1,2026-08-07,Extended 35-cell diagnostic subset
GC-035,China,D7,LULUCF and Carbon Sinks,"Land-use commitments, sink accounting, additionality, and offsets",2035 NDC (Nov 2025) — forest stock volume and land targets,"NDC commits to forest stock volume exceeding 24 billion cubic meters by 2035 (already at ~21 billion m3 per 2025 progress, European Parliament briefing, secondary), forest coverage above 26%, soil/water conservation to 75%, and protection of at least 3.15 million km² under ecological redlines. Critically, the headline 7–10%-below-peak emissions target is a *net* figure: Climate Action Tracker (secondary) states the target 'applies to net emissions, including the LULUCF sector, which is a net carbon sink in China, as well as other forms of carbon removal, making the target less transparent.'",IPCC AR6 WGIII Ch.7 (AFOLU),"AFOLU can provide 20–30% of global mitigation needed for 1.5/2°C pathways to 2050 (~8–14 GtCO2e/yr economic potential), led by forest/ecosystem protection; the chapter flags long-term additionality and permanence uncertainty for land-sink-heavy strategies.",0.7,Significant,Significant,High,"China's forest-sink targets are quantified and have a track record of being met or exceeded (a stronger evidentiary position than Australia, Brazil, or Canada's LULUCF entries), but CAT's core objection — that blending a genuine forest sink into the headline 'net' emissions target obscures how much of the 7–10% reduction is gross cuts vs. sink accounting — is a real transparency concern that keeps this below 'Aligned.'",Yes,Retain Figure 2 Class,Potential post-cut-off source/date,1,Reviewer 1,2026-08-07,Extended 35-cell diagnostic subset
GC-036,EU,D1,Renewable Energy Targets,Share of renewable/non-fossil electricity or installed capacity vs IPCC electricity-share benchmark,"Renewable Energy Directive III (Directive (EU) 2023/2413, in force since 2023); 2035 NDC (submitted UNFCCC Nov 2025)","RED III sets a legally binding EU-wide target of at least 42.5% renewable energy share of gross final energy consumption by 2030 (aspiring to 45%), with sub-targets for transport, industry, heating/cooling and buildings, and a binding annual 1.6% increase in industrial renewable use. The 2035 NDC does not set an updated headline renewable-share figure of its own, relying on RED III's binding 2030 target as the operative benchmark.",IPCC AR6 WGIII Ch.6; SPM.3,1.5–<2°C pathways: low-carbon sources ~93–97% of global electricity by 2050.,0.6,Significant,Significant,High,"This is one of the most detailed, legally binding renewable frameworks reviewed (sector sub-targets, binding annual increases), but the metric (share of *total* energy, not electricity) differs from AR6's electricity-specific benchmark, and even the aspirational 45% figure leaves substantial headroom before matching AR6's 2050 electricity-decarbonisation trajectory.",Yes,Retain Figure 2 Class,,1,Reviewer 1,2026-08-07,Formal cut-off-compliant 8-cell subset
GC-037,EU,D2,Net Zero Pathway,"Net-zero target year, gases/sectors covered vs IPCC net-zero trajectory","2035 NDC (submitted UNFCCC Nov 2025); European Climate Law amendment (2040 target, Council position Nov 5, 2025)","NDC sets an indicative 2035 range of 66.25–72.5% below 1990 (derived from linear trajectories between the 2030 target of 55% and the 2050 net-zero goal), alongside a newly agreed 2040 target of 90% below 1990 (with up to 5 percentage points from international carbon credits from 2036, making the effective domestic target 85%). Climate neutrality by 2050 remains the anchor goal (European Climate Law).",IPCC AR6 Synthesis Report SPM B.6; WGIII Ch.3,"1.5°C (no/limited overshoot) pathways reach net-zero CO2 in the early 2050s, with GHG cuts of 43% [34–60%] by 2030 and 84% [73–98%] by 2050 vs 2019.",0.75,Significant,Significant,High,"Legally anchored, economy-wide pathway architecture is more developed than most peers, but Climate Action Tracker (secondary) rates it 'not 1.5°C compatible,' stating the EU would need at least 77% by 2035 and 90–95% domestic (excl. LULUCF) by 2040 — and criticises the 'linear trajectory' methodology itself as insufficiently front-loaded compared to a genuine 1.5°C pathway.",Yes,Retain Figure 2 Class,Potential post-cut-off source/date,1,Reviewer 1,2026-08-07,Extended 35-cell diagnostic subset
GC-038,EU,D3,Methane Reduction,Specific methane reduction commitment vs IPCC rapid methane reduction requirement,"EU Methane Regulation (Regulation (EU) 2024/1787, final approval May 2024); EU Methane Strategy (2020); Global Methane Pledge (co-launched with US, COP26 2021)","The EU adopted the first legally binding regulation specifically targeting methane emissions in the energy sector (oil, gas, coal), covering monitoring, reporting, verification, and leak detection/repair requirements. The EU also co-launched the Global Methane Pledge (30% cut vs 2020 by 2030, non-binding, collective). However, the binding regulation's scope is limited to the energy sector; no economy-wide quantified methane reduction target (covering agriculture and waste as well) was found in the NDC.",IPCC AR6 Synthesis Report SPM B.6.2,1.5°C (>50%) no/limited-overshoot pathways: global methane emissions reduced 34% [21–57%] by 2030 relative to 2019.,0.65,Significant,Significant,High,"Unlike most peers' voluntary pledges, the EU has actual binding law (not just a strategy or pledge) covering its largest methane source (energy sector). This is a stronger legal instrument than found elsewhere, but the absence of an economy-wide quantified target (agriculture is a major EU methane source not covered by this regulation) keeps it short of 'Aligned.'",Yes,Retain Figure 2 Class,Potential post-cut-off source/date,1,Reviewer 1,2026-08-07,Extended 35-cell diagnostic subset
GC-039,EU,D4,Adaptation Finance,Quantified adaptation finance needs/commitments and conditionality,EU Adaptation Strategy (2021); European Commission international climate finance page; 2035 NDC (Nov 2025),"The EU Adaptation Strategy quantifies the cost of inaction — current EU economic losses from climate-related extreme weather already exceed €12 billion/year, projected to reach at least €170 billion/year at 3°C warming — but primary implementation responsibility for adaptation stays with Member States, with the EU providing only 'enhanced proactive measures... to support them.' The EU and Member States together provided €28.5 billion in public climate finance plus €11.9 billion in mobilised private finance in 2022 (combined mitigation and adaptation, not adaptation-specific). Climate Action Tracker (secondary) notes the EU's 2035 NDC 'has not specified the amount of its planned international climate finance contributions.'","IPCC AR6 WGII SPM C.3, C.5","AR6 WGII documents a widening adaptation finance gap; most tracked climate finance still goes to mitigation, and adaptation finance falls short of documented needs in developing countries.",0.65,Significant,Significant,Medium,"Risk quantification (cost-of-inaction figures) is unusually rigorous, and overall climate finance volumes are large, but there is no adaptation-specific EU-level finance target, and CAT explicitly flags that the 2035 NDC itself omits a specified international finance contribution amount — a real, independently confirmed gap.",Partly,Retain Figure 2 Class,,1,Reviewer 1,2026-08-07,Formal cut-off-compliant 8-cell subset
GC-040,EU,D5,Loss and Damage,"Loss and Damage finance needs, liability/compensation references, or related commitments","COP28 outcomes (Dec 2023, European Commission/Consilium); Fund for Responding to Loss and Damage (established 2022)","The EU and its Member States led the initial capitalisation of the international Loss and Damage Fund, contributing more than €400 million — 'over two-thirds of the initial funding pledges' (European Commission, primary) — making the EU bloc the largest single contributor globally to the fund at its launch.",IPCC AR6 WGII SPM B,"AR6 WGII recognizes losses and damages as escalating, unequally distributed, and worsening with each increment of warming, with hard/soft adaptation limits already reached in some systems.",1,Absent,Significant,High,"This is the strongest, most concrete Loss and Damage evidence found among all countries reviewed so far — a specific, quantified, named contribution making up the clear majority of the fund's initial capitalisation. Held short of 'Aligned' only because €400 million remains modest relative to global L&D needs (estimated in the hundreds of billions annually).",Yes,Revise Class,,0,Reviewer 1,2026-08-07,Formal cut-off-compliant 8-cell subset
GC-041,EU,D6,Transport Sector Targets,Transport electrification/modal shift/sector target vs IPCC transport mitigation pathway,"EU CO2 emission performance standards for cars and vans (Regulation, revised April 2023 under Fit for 55); proposed Dec 2025 Commission amendment","Legally binding fleet-wide targets require new cars and vans to cut CO2 emissions 55%/50% respectively by 2030 (vs 2021), reaching 100% (zero-emission) from 2035 — effectively banning sales of new CO2-emitting cars and vans EU-wide. However, a December 2025 Commission proposal would weaken this, 'allow[ing] a range of vehicle technologies to remain in play, including hybrids, plug-in hybrids, and range extenders... in addition to full EVs and hydrogen vehicles' (ESG Today, secondary), rolling back the 100% zero-emission requirement currently under review by Parliament and Council.",IPCC AR6 WGIII Ch.10,1.5°C (no/limited overshoot) pathways require a 59% [42–68%] reduction in transport CO2 by 2050 vs modelled 2020 levels; light-duty-vehicle electrification is the leading near-term lever.,0,Aligned,Significant,High,"This is the most stringent, legally binding new-vehicle target reviewed among all countries so far (100% zero-emission new sales by 2035, not just a share/mandate), which is directionally very strong even though its metric (new-vehicle sales) differs from AR6's absolute-transport-emissions benchmark. Critically, this target is actively being weakened as of December 2025 — a live rollback risk that should be watched in any update.",Yes,Revise Class,,0,Reviewer 1,2026-08-07,Formal cut-off-compliant 8-cell subset
GC-042,EU,D7,LULUCF and Carbon Sinks,"Land-use commitments, sink accounting, additionality, and offsets",2035 NDC (Nov 2025); EU LULUCF Regulation (2030 sink target),"The EU maintains a separate, quantified LULUCF target of a 310 MtCO2 net sink by 2030, of which only 225 MtCO2 can be counted toward the overall 55% 2030 target (a partial-crediting cap, more rigorous than fully counting all sink gains). However, Climate Action Tracker (secondary) states the EU 'has not provided any LULUCF targets for 2035, nor 2040' — the exact horizon years covered by the current NDC and 2040 target.",IPCC AR6 WGIII Ch.7 (AFOLU),"AFOLU can provide 20–30% of global mitigation needed for 1.5/2°C pathways to 2050 (~8–14 GtCO2e/yr economic potential), led by forest/ecosystem protection; the chapter flags long-term additionality and permanence uncertainty for land-sink-heavy strategies.",0.7,Significant,Significant,High,"The 2030 accounting design (a hard cap on how much of the sink can count toward the target) is more rigorous than most peers' 'net' approaches, but the complete absence of any LULUCF target for 2035 or 2040 — right when the EU's headline 66.25–72.5% and 90% targets apply — is a real, independently flagged transparency gap that prevents a fuller alignment rating.",Partly,Retain Figure 2 Class,Potential post-cut-off source/date,1,Reviewer 1,2026-08-07,Extended 35-cell diagnostic subset
GC-043,India,D1,Renewable Energy Targets,Share of renewable/non-fossil electricity or installed capacity vs IPCC electricity-share benchmark,"India's NDC (2031-2035), submitted UNFCCC April 24, 2026, Union Cabinet approval March 25, 2026","NDC commits to 60% of installed electric power capacity from non-fossil sources by 2035 (up from a 50% target for 2030, which India already reached five years early — 52.57% as of Feb 2026). India also met its first NDC's 40% target nine years ahead of schedule. However, per Climate Action Tracker (secondary), 'non-fossil fuel sources now account for more than 50% of India's installed power capacity, [but] they contribute to less than 30% of actual electricity generated' — coal still supplies 70–75% of actual generation due to intermittency and grid/storage constraints.",IPCC AR6 WGIII Ch.6; SPM.3,1.5–<2°C pathways: low-carbon sources ~93–97% of global electricity by 2050.,0.7,Significant,Significant,High,"India has the strongest track record of any country reviewed for hitting (and beating) its own renewable capacity targets early, but the capacity-vs-generation gap is a genuine structural caveat — installed non-fossil capacity is not yet translating into a comparable share of actual electricity generated, and CAT separately rates the prior 50%-by-2030 target 'Highly insufficient' against a 1.5°C-modelled pathway.",Yes,Retain Figure 2 Class,Potential post-cut-off source/date,1,Reviewer 1,2026-08-07,Extended 35-cell diagnostic subset
GC-044,India,D2,Net Zero Pathway,"Net-zero target year, gases/sectors covered vs IPCC net-zero trajectory","India's NDC (2031-2035), April 2026; net-zero-by-2070 announcement (COP26, 2021)","NDC sets an emissions-*intensity* target (GHG per unit of GDP) of 47% below 2005 levels by 2035, up from 45% by 2030 (already at 36% as of 2020), covering all sectors and gases. Net-zero remains targeted for 2070. Per Carbon Brief (secondary), 'by setting an intensity target, India would be able to continue increasing its emissions as its economy grows' — there is no absolute, economy-wide GHG target. Climate Action Tracker (secondary) states the 2022 NDC 'will not drive real world emission reductions beyond its current level of climate action' and explicitly recommends India 'adopt a national, economy-wide GHG emissions target.'",IPCC AR6 Synthesis Report SPM B.6; WGIII Ch.3,"1.5°C (no/limited overshoot) pathways reach net-zero CO2 in the early 2050s, with GHG cuts of 43% [34–60%] by 2030 and 84% [73–98%] by 2050 vs 2019.",0.7,Significant,Critical,High,"This assessment strictly compares India's pathway design to the global AR6 benchmark, as the workbook rubric specifies — it does not apply an equity/fair-share adjustment for India's developing-country status and low per-capita emissions, which India itself invokes (CBDR-RC) as the basis for its 2070 date and intensity-based design. On the literal benchmark comparison, CAT's own assessment that the target structurally 'will not drive real world emission reductions' as the economy grows is a strong, direct signal of gap severity independent of the equity debate.",Yes,Revise Class,Potential post-cut-off source/date,0,Reviewer 1,2026-08-07,Extended 35-cell diagnostic subset
GC-045,India,D3,Methane Reduction,Specific methane reduction commitment vs IPCC rapid methane reduction requirement,"India's NDC (2031-2035), April 2026; Global Methane Pledge (non-signatory status)","India's NDC contains no standalone quantified methane target; methane is only implicitly covered within the aggregate emissions-intensity metric (per Carbon Brief, the intensity target 'covers all gases... such as methane and nitrous oxide'). Climate Action Tracker (secondary, 2023) states plainly: 'India is amongst one of the few top methane emitters, along with China and Russia, that has not signed the Global Methane Pledge.' Ember (secondary) separately notes coal-mine methane abatement remains a largely untapped 'low-hanging opportunity' with no dedicated policy found.",IPCC AR6 Synthesis Report SPM B.6.2,1.5°C (>50%) no/limited-overshoot pathways: global methane emissions reduced 34% [21–57%] by 2030 relative to 2019.,0.85,Critical,Absent,High,"Unlike every other country reviewed so far, India has neither a national quantified methane target nor even a voluntary pledge-level commitment (GMP membership) — this is the clearest 'no relevant commitment found' case among the countries reviewed, matching the rubric's definition of Absent.",Yes,Revise Class,Potential post-cut-off source/date,0,Reviewer 1,2026-08-07,Extended 35-cell diagnostic subset
GC-046,India,D4,Adaptation Finance,Quantified adaptation finance needs/commitments and conditionality,"India's NDC (2031-2035), April 2026; Green Climate Fund / GEF / Adaptation Fund disbursements to India (secondary, Greenpeace India)","Carbon Brief (secondary) states plainly: 'the 1,200-word press release announcing the approval of India's new NDC for 2035 is thin on detail. For example, it did not spell out any climate-finance needs for adaptation, mitigation or climate change-induced loss and damage.' The NDC text itself states commitments 'are contingent upon the receipt of due support, including its due share of international climate finance.' As a recipient (not provider), India has received cumulative international support including USD 803.9 million from the Green Climate Fund, USD 346.52 million from the GEF, and USD 16.86 million from the Adaptation Fund — described by Greenpeace India (secondary) as 'modest compared to the challenges at hand.'","IPCC AR6 WGII SPM C.3, C.5","AR6 WGII documents a widening adaptation finance gap; most tracked climate finance still goes to mitigation, and adaptation finance falls short of documented needs in developing countries.",0.65,Significant,Absent,High,"Multiple independent sources converge on the same finding: India's NDC explicitly does not quantify adaptation finance needs or commitments, unlike most dimensions in the same NDC (which do carry real numbers). This matches the rubric's definition of Absent even though India does receive (modest) international adaptation finance through existing multilateral funds outside the NDC text itself.",Partly,Revise Class,Potential post-cut-off source/date,0,Reviewer 1,2026-08-07,Extended 35-cell diagnostic subset
GC-047,India,D5,Loss and Damage,"Loss and Damage finance needs, liability/compensation references, or related commitments","India's NDC (2031-2035), April 2026","As with adaptation finance, Carbon Brief (secondary) confirms India's NDC 'did not spell out any climate-finance needs for... climate change-induced loss and damage' — despite India's own high vulnerability (a cited 55% rise in heat-related deaths 2000–2020 and over 80% of districts facing extreme climate risk, per secondary sources). No L&D finance need, liability reference, or related commitment was found in the NDC text.",IPCC AR6 WGII SPM B,"AR6 WGII recognizes losses and damages as escalating, unequally distributed, and worsening with each increment of warming, with hard/soft adaptation limits already reached in some systems.",1,Absent,Absent,High,"No relevant NDC commitment found — directly confirmed by independent analysis, matching the rubric's definition of Absent. Notably, this is a case where a highly climate-vulnerable country's own NDC omits any L&D framing at all, in contrast to several developed-country NDCs reviewed that at least reference international L&D contributions or facilities.",Yes,Retain Figure 2 Class,Potential post-cut-off source/date,1,Reviewer 1,2026-08-07,Extended 35-cell diagnostic subset
GC-048,India,D6,Transport Sector Targets,Transport electrification/modal shift/sector target vs IPCC transport mitigation pathway,"PM E-DRIVE scheme (successor to FAME I/II, launched 2024); COP26 100% EVs declaration (signed by India, 2021)","India signed the COP26 100% EVs declaration with a focus on two- and three-wheelers, and separately has floated a plan for all two-wheelers to be electric by 2026. PM E-DRIVE provides INR 36.79 billion (USD 438 million) in incentives for battery-powered two/three-wheelers, ambulances, trucks and other EVs, following FAME I/II's INR 100bn+115bn outlay. However, Climate Action Tracker (secondary) notes 'overall adoption of EV is slow,' and separately flags that 'plans to shift long-haul trucks to LNG risk locking in fossil fuel use.' No absolute transport-sector emissions target or economy-wide electrification-share target was found in the NDC itself.",IPCC AR6 WGIII Ch.10,1.5°C (no/limited overshoot) pathways require a 59% [42–68%] reduction in transport CO2 by 2050 vs modelled 2020 levels; light-duty-vehicle electrification is the leading near-term lever.,1,Absent,Not Comparable,Medium,"The system's default score (1.00 → 'Absent') undersells real, quantified financial incentive programs and an ambitious (if informal) two-wheeler EV target. But none of this is expressed as an absolute transport-emissions or economy-wide electrification-share figure comparable to AR6's 59%-by-2050 metric, and the concurrent LNG-truck lock-in risk cuts against the incentive schemes' net direction.",Partly,Revise Class,,0,Reviewer 1,2026-08-07,Formal cut-off-compliant 8-cell subset
GC-049,India,D7,LULUCF and Carbon Sinks,"Land-use commitments, sink accounting, additionality, and offsets","India's NDC (2031-2035), April 2026","NDC commits to an additional carbon sink of 3.5–4.0 billion tonnes CO2e through enhanced forest and tree cover by 2035, up from the prior 2.5–3.0 billion tonne target for 2030. As of 2025, India reports having already created 2.29 billion tonnes CO2e of additional sink since 2005, putting the 2030 milestone within close reach. Notably, per Climate Action Tracker (secondary, 2023), 'India did not sign up to the COP26 forest declaration' on halting and reversing forest loss by 2030, a separate international commitment.",IPCC AR6 WGIII Ch.7 (AFOLU),"AFOLU can provide 20–30% of global mitigation needed for 1.5/2°C pathways to 2050 (~8–14 GtCO2e/yr economic potential), led by forest/ecosystem protection; the chapter flags long-term additionality and permanence uncertainty for land-sink-heavy strategies.",0.7,Significant,Significant,High,"This is a well-quantified, separately tracked (not blended into a 'net' headline figure) sink target with credible progress data, a stronger transparency position than most peers reviewed. It falls short of 'Aligned' mainly because it is not benchmarked against AR6's AFOLU mitigation-share methodology, and continued coal expansion elsewhere in India's energy system means the sink target is not paired with a corresponding absolute-emissions constraint.",Yes,Retain Figure 2 Class,Potential post-cut-off source/date,1,Reviewer 1,2026-08-07,Extended 35-cell diagnostic subset
GC-050,Indonesia,D1,Renewable Energy Targets,Share of renewable/non-fossil electricity or installed capacity vs IPCC electricity-share benchmark,"Indonesia's Second NDC (SNDC, submitted UNFCCC Oct 27, 2025), referencing the National Energy Policy; Just Energy Transition Partnership (JETP, 2022, separate from NDC)","NDC references the National Energy Policy's primary energy supply mix targets: 19–23% renewable energy by 2030, 36–40% by 2040, 70–72% by 2060. Separately, the JETP (an international partnership, not part of the NDC itself) targets 44% on-grid renewable power by 2030, up from 15% in 2023 — a more ambitious figure than the NDC's own energy-mix target, but JETP financing 'remains dominated by loans' (Climate Action Tracker, secondary) and implementation lags.",IPCC AR6 WGIII Ch.6; SPM.3,1.5–<2°C pathways: low-carbon sources ~93–97% of global electricity by 2050. CAT's Indonesia-specific 1.5°C-compatible benchmark (secondary) is 55–82% renewable power by 2030.,0.7,Significant,Critical,High,"The NDC's own headline renewable target (19–23% of the total energy mix by 2030) is dramatically below even the separate JETP power-sector goal (44% by 2030), which itself falls well short of the 55–82% CAT says is needed for 1.5°C alignment — a large, multi-layered gap between the NDC text, the country's own more ambitious side-agreement, and the science-based benchmark.",Yes,Revise Class,Potential post-cut-off source/date,0,Reviewer 1,2026-08-07,Exploratory 119-cell review
GC-051,Indonesia,D2,Net Zero Pathway,"Net-zero target year, gases/sectors covered vs IPCC net-zero trajectory","2035 NDC (Oct 2025); Long-Term Strategy for Low Carbon and Climate Resilience (LTS-LCCR, submitted 2021)","Indonesia targets net zero by 2060 'or sooner.' However, the unconditional 2035 scenario shows emissions rising 56% above 2019 levels by 2035, continuing to rise for 25 years and peaking in 2050 'at more than double 2019 levels' (excl. LULUCF) (Climate Action Tracker, secondary). The conditional (internationally-supported) scenarios offer only marginally stronger near-term reductions and still rely on steep post-2035 cuts to reach net zero.",IPCC AR6 Synthesis Report SPM B.6; WGIII Ch.3,"1.5°C (no/limited overshoot) pathways reach net-zero CO2 in the early 2050s, with GHG cuts of 43% [34–60%] by 2030 and 84% [73–98%] by 2050 vs 2019.",0.7,Significant,Critical,High,"While CAT itself calls the 2060 net-zero *date* 'ambitious and broadly aligned' for a developing economy, the near-term pathway text of the NDC directly undermines that framing: an unconditional scenario with emissions still rising 25 years from now, peaking at double 2019 levels in 2050, is fundamentally inconsistent with any AR6-aligned trajectory regardless of the eventual net-zero year.",Yes,Revise Class,Potential post-cut-off source/date,0,Reviewer 1,2026-08-07,Exploratory 119-cell review
GC-052,Indonesia,D3,Methane Reduction,Specific methane reduction commitment vs IPCC rapid methane reduction requirement,2035 NDC (Oct 2025); University of Maryland/CGS working paper on Indonesia's 2035 NDC and net-zero pathways (2025),"No quantified methane target was found in the NDC. Independent academic analysis (CGS, secondary) states plainly: 'Policy attention to methane (CH4) and other non-CO2 gases is largely missing, with high data uncertainty.' Climate Action Tracker (secondary) confirms: 'Major sources, including agricultural methane, landfill gas, and coalmine methane, remain largely unaddressed, despite being recognised as low-cost, high-impact mitigation opportunities.'",IPCC AR6 Synthesis Report SPM B.6.2,1.5°C (>50%) no/limited-overshoot pathways: global methane emissions reduced 34% [21–57%] by 2030 relative to 2019.,0.7,Significant,Absent,High,"Two independent sources converge on the same finding — no methane-specific policy attention or quantified target exists in Indonesia's NDC, despite methane being explicitly flagged as a 'low-cost, high-impact' opportunity being left on the table. This matches the rubric's definition of Absent.",Yes,Revise Class,Potential post-cut-off source/date,0,Reviewer 1,2026-08-07,Exploratory 119-cell review
GC-053,Indonesia,D4,Adaptation Finance,Quantified adaptation finance needs/commitments and conditionality,"Second NDC (Oct 2025); National Adaptation Plan (NAP) 2026–2030, submitted UNFCCC 2025","NDC states USD 18.5 billion (IDR 304.8 trillion) was allocated for climate-related purposes 2020–2023, and estimates a total investment need of USD 472.6 billion for 2030–2035 across energy, agriculture, FOLU and waste sectors. Neither figure is disaggregated between mitigation and adaptation, or between domestic and international sources — Climate Action Tracker (secondary) explicitly notes the $472.6bn figure is presented 'without distinguishing between domestic investment and international climate finance needs.' A full National Adaptation Plan (2026–2030, pathway toward 2035) was separately submitted to the UNFCCC in 2025.","IPCC AR6 WGII SPM C.3, C.5","AR6 WGII documents a widening adaptation finance gap; most tracked climate finance still goes to mitigation, and adaptation finance falls short of documented needs in developing countries.",0.65,Significant,Significant,Medium,"A formal NAP and large aggregate finance figures are genuine evidence of adaptation planning and cost awareness, but the consistent lack of adaptation-specific disaggregation (flagged independently by CAT) means the true scale of adaptation-dedicated finance cannot be confirmed from the NDC text.",Partly,Retain Figure 2 Class,Potential post-cut-off source/date,1,Reviewer 1,2026-08-07,Exploratory 119-cell review
GC-054,Indonesia,D5,Loss and Damage,"Loss and Damage finance needs, liability/compensation references, or related commitments","Second NDC (Oct 2025), adaptation section","Per WRI Indonesia (secondary summarizing NDC content), 'the government assesses research needs and gaps related to loss and damage, including slow-onset events and extreme disasters' — a real but preliminary, research/assessment-stage reference rather than a quantified finance need or funded program. Separately, academic analysis (Apresian, 2025) documents that Indonesian government agencies (BAPPENAS and the Ministry of Environment and Forestry) currently use different methods to measure loss and damage, producing inconsistent figures between planning documents.",IPCC AR6 WGII SPM B,"AR6 WGII recognizes losses and damages as escalating, unequally distributed, and worsening with each increment of warming, with hard/soft adaptation limits already reached in some systems.",0,Aligned,Significant,Medium,"The system's default score (0.00 → 'Aligned') is a poor fit — Indonesia has real but nascent L&D content in its NDC (a commitment to *assess* needs and gaps, not a funded program or harmonised methodology), and independent research shows measurement of loss and damage is currently inconsistent even within the Indonesian government itself.",Partly,Revise Class,Potential post-cut-off source/date,0,Reviewer 1,2026-08-07,Exploratory 119-cell review
GC-055,Indonesia,D6,Transport Sector Targets,Transport electrification/modal shift/sector target vs IPCC transport mitigation pathway,Presidential Decree No. 55/2019; National Industry Masterplan (RIPIN) 2015-2035; Second NDC (Oct 2025) mitigation priorities,"Indonesia's SNDC lists 'accelerating electric vehicle and biofuel deployment' among its mitigation priorities. The quantified EV targets live in adjacent instruments: 15 million EVs by 2030 (1.97 million electric cars, 12.9 million electric motorcycles), and separate production targets of 6 million two/three-wheeler EVs by 2025 and 12 million by 2035 (RIPIN). Academic analysis (ADB, secondary, referencing the prior NDC cycle) notes transport mitigation historically relied mainly on 'biofuel and natural gas to substitute petroleum' rather than a structural transport-emissions target.",IPCC AR6 WGIII Ch.10,1.5°C (no/limited overshoot) pathways require a 59% [42–68%] reduction in transport CO2 by 2050 vs modelled 2020 levels; light-duty-vehicle electrification is the leading near-term lever.,0,Aligned,Not Comparable,Medium,"The system's default score (0.00 → 'Aligned') again looks like a placeholder — real, quantified EV adoption and production targets exist, and the newest NDC references EV acceleration directly, but none of this is expressed as an absolute transport-sector emissions target comparable to AR6's 59%-by-2050 benchmark.",Partly,Revise Class,,0,Reviewer 1,2026-08-07,Exploratory 119-cell review
GC-056,Indonesia,D7,LULUCF and Carbon Sinks,"Land-use commitments, sink accounting, additionality, and offsets","Second NDC (Oct 2025); FOLU Net Sink 2030 program (launched COP26, 2021)","The FOLU Net Sink 2030 target pledges net negative Forestry and Other Land Use emissions of 140 MtCO2e by 2030 and 340 MtCO2e by 2050. The SNDC increases the sector's expected role further, with FOLU projected to absorb 118 MtCO2e in 2030 and 206 MtCO2e in 2035 — described by an Indonesian government official as the 'sector of hope, contributing the largest emission reductions' (Mongabay, secondary). Climate Action Tracker (secondary) states the '2035 NDC remains heavily reliant on LULUCF sinks to offset the continued growth of fossil fuel emissions,' with the FOLU target's credibility 'now being questioned amid calls for a “more realistic” approach' and ongoing food-estate-driven deforestation continuing in forest and peat areas.",IPCC AR6 WGIII Ch.7 (AFOLU),"AFOLU can provide 20–30% of global mitigation needed for 1.5/2°C pathways to 2050 (~8–14 GtCO2e/yr economic potential), led by forest/ecosystem protection; the chapter flags long-term additionality and permanence uncertainty for land-sink-heavy strategies.",0.7,Significant,Critical,High,"This is among the most extreme LULUCF-reliance cases reviewed: rather than merely supplementing gross cuts elsewhere, the forest sink is explicitly positioned as the primary mitigation mechanism while fossil energy emissions are allowed to keep rising, and independent academic modelling separately finds the conditional target 'requires a net-zero land sink before 2030... but allows energy emissions to increase by 65%' — a direct substitution of land-sink accounting for real energy-sector decarbonisation.",Yes,Revise Class,Potential post-cut-off source/date,0,Reviewer 1,2026-08-07,Exploratory 119-cell review
GC-057,Japan,D1,Renewable Energy Targets,Share of renewable/non-fossil electricity or installed capacity vs IPCC electricity-share benchmark,"Japan's Second NDC (submitted UNFCCC Feb 18, 2025); 7th Strategic Energy Plan / GX Basic Policy (revised 2025)","Japan's revised energy strategy targets renewables at 40–50% of the electricity mix by FY2040, with nuclear contributing another ~20% (non-fossil ~60–70% by 2040). Climate Action Tracker (secondary) recommends Japan 'set new electricity mix targets for 2035 in the new Basic Energy Plan in line with the upcoming NDC target year' — implying no explicit 2035 electricity-mix figure was set alongside the 2035 NDC itself. The GX Basic Policy 'does not provide concrete emissions reduction targets; instead, it promotes the development of so-called “clean coal” technologies... inconsistent with pathways required to limit global warming to below 1.5°C' (CAT, secondary).",IPCC AR6 WGIII Ch.6; SPM.3,1.5–<2°C pathways: low-carbon sources ~93–97% of global electricity by 2050.,0.6,Significant,Significant,High,"A real, quantified 2040 non-fossil target exists (and is fairly strong at 60–70%), but there is a notable gap for 2035 specifically — the exact year the current NDC covers — and continued promotion of 'clean coal' technology is independently flagged as inconsistent with the pathway needed.",Yes,Retain Figure 2 Class,Potential post-cut-off source/date,1,Reviewer 1,2026-08-07,Exploratory 119-cell review
GC-058,Japan,D2,Net Zero Pathway,"Net-zero target year, gases/sectors covered vs IPCC net-zero trajectory",Japan's Second NDC (Feb 2025),"NDC sets a 60% reduction by FY2035 and 73% by FY2040 (vs FY2013), explicitly designed as 'points on a straight-line trajectory' (linear pathway) between the 2030 target (46%) and net-zero by 2050. This design was adopted despite 'more than 80% of the 3,000-plus comments the government received calling for higher targets' (Climate Home News, secondary). We Mean Business Coalition/Japan Climate Initiative (secondary) state the targets 'are less ambitious than the global average reductions required to keep the 1.5°C goal within reach, and are insufficient given Japan's developed country status.'",IPCC AR6 Synthesis Report SPM B.6; WGIII Ch.3,"1.5°C (no/limited overshoot) pathways reach net-zero CO2 in the early 2050s, with GHG cuts of 43% [34–60%] by 2030 and 84% [73–98%] by 2050 vs 2019.",0.6,Significant,Critical,High,"A linear (rather than front-loaded) trajectory to net-zero directly conflicts with AR6's finding that early, steep cuts matter more than a straight-line path to the same endpoint — and multiple independent analyses, plus Japan's own public consultation majority, judged the resulting targets insufficient for a developed economy's fair share of 1.5°C-aligned effort.",Yes,Revise Class,Potential post-cut-off source/date,0,Reviewer 1,2026-08-07,Exploratory 119-cell review
GC-059,Japan,D3,Methane Reduction,Specific methane reduction commitment vs IPCC rapid methane reduction requirement,"Japan's Second NDC (Feb 2025); Global Methane Pledge Champion statements (Japan, 2024)","Japan's NDC sets a quantified target: 'methane emissions reduction by 11% from the level of FY2013,' bringing methane down to an estimated 26.7 million t-CO2eq by FY2030 (GMP Methane Action Update, Sept 2024). Japan is also a Global Methane Pledge 'Champion' alongside the US, EU, Canada and Germany, publicly calling on 'every Party to include absolute target of methane' in their NDCs — a notably more ambitious international ask than Japan's own 11% domestic figure.",IPCC AR6 Synthesis Report SPM B.6.2,1.5°C (>50%) no/limited-overshoot pathways: global methane emissions reduced 34% [21–57%] by 2030 relative to 2019.,0.85,Critical,Significant,High,"Japan is one of relatively few countries reviewed with an actual quantified national methane target (not just GMP membership), which is genuine evidence — but the 11% figure is well below both the ~34% AR6 benchmark and the 30% collective GMP goal Japan itself champions internationally, a real ambition gap between Japan's international advocacy and its own domestic target.",Yes,Revise Class,Potential post-cut-off source/date,0,Reviewer 1,2026-08-07,Exploratory 119-cell review
GC-060,Japan,D4,Adaptation Finance,Quantified adaptation finance needs/commitments and conditionality,"Japan's Climate Change Adaptation Plan (Cabinet-approved Oct 22, 2021); COP29 finance pledge (Nov 2024, Ministry of the Environment)","Domestically, Japan's Adaptation Plan sets sector-specific KPIs for adaptation measures. Internationally, Japan pledged USD 70 billion in public and private climate support for developing countries through 2025 at COP29, explicitly 'doubling adaptation funding' (amount for adaptation specifically not itemised), and has contributed up to USD 3 billion cumulatively to the Green Climate Fund (second-largest contributor after the UK). However, Climate Transparency (secondary) finds 'most of the country's climate finance remains dedicated to mitigation, failing to achieve a balance with adaptation,' and that 'Japan mostly provides its finance as loans rather than grants.'","IPCC AR6 WGII SPM C.3, C.5","AR6 WGII documents a widening adaptation finance gap; most tracked climate finance still goes to mitigation, and adaptation finance falls short of documented needs in developing countries.",0.65,Significant,Significant,High,"Among the largest quantified adaptation-relevant finance figures reviewed (domestic KPI-driven plan plus a large international pledge and major GCF contribution), but independently confirmed to be mitigation-skewed and loan-heavy rather than grant-based, which is a real quality gap short of full alignment.",Yes,Retain Figure 2 Class,,1,Reviewer 1,2026-08-07,Exploratory 119-cell review
GC-061,Japan,D5,Loss and Damage,"Loss and Damage finance needs, liability/compensation references, or related commitments","COP29 finance pledge (Nov 2024, Ministry of the Environment); 'Assistance Package by the Government of Japan for Averting, Minimizing and Addressing Loss and Damage' (Ministry of the Environment)","Japan pledged an initial USD 10 million to the international Fund for responding to Loss and Damage at COP29, as part of its broader $70 billion climate finance package. Japan also maintains a specifically named 'Assistance Package... for Averting, Minimizing and Addressing Loss and Damage' as a standing program area under its Ministry of the Environment.",IPCC AR6 WGII SPM B,"AR6 WGII recognizes losses and damages as escalating, unequally distributed, and worsening with each increment of warming, with hard/soft adaptation limits already reached in some systems.",1,Absent,Significant,High,"The system's default score (1.00 → 'Absent') doesn't match the evidence — Japan has both a quantified, named contribution to the international L&D Fund and a standing dedicated assistance program, comparable in kind to Canada's and the EU's stronger L&D evidence found elsewhere in this review.",Yes,Revise Class,Potential post-cut-off source/date,0,Reviewer 1,2026-08-07,Exploratory 119-cell review
GC-062,Japan,D6,Transport Sector Targets,Transport electrification/modal shift/sector target vs IPCC transport mitigation pathway,"Long-Term Strategy (LTS, 2021 update) vehicle electrification targets; 'Guidelines for Promoting the Development of EV Charging Infrastructure' (Oct 2023)","Japan sets sector-segmented targets: 100% of new passenger-vehicle sales to be 'electrified vehicles' by 2035; 20–30% of new light commercial vehicle sales electrified by 2030, rising to 100% electrified/decarbonised-fuel by 2040; early adoption of 5,000 electrified heavy vehicles in the 2020s. Charging infrastructure targets call for doubling installed ports to 300,000 by 2030. However, Japan's 'electrified vehicle' definition includes non-plug-in hybrids, and CAT (secondary) recommends Japan 'strengthen its EV target to phase out all fossil-fuel passenger (ICE) cars from new sales by 2035' — Japan also declined to sign the COP26 100% Zero-Emission Vehicles declaration despite leading the global auto industry, reportedly due to domestic automaker lobbying for hybrid carve-outs.",IPCC AR6 WGIII Ch.10,1.5°C (no/limited overshoot) pathways require a 59% [42–68%] reduction in transport CO2 by 2050 vs modelled 2020 levels; light-duty-vehicle electrification is the leading near-term lever.,0,Aligned,Significant,High,"This is the most granular, sector-segmented transport target structure reviewed among all countries (separate passenger/light-commercial/heavy-vehicle tracks with distinct year-by-year milestones), but the inclusion of non-plug-in hybrids under 'electrified vehicle' is a real definitional gap that independent analysis and Japan's own declined international pledge both point to.",Yes,Revise Class,,0,Reviewer 1,2026-08-07,Exploratory 119-cell review
GC-063,Japan,D7,LULUCF and Carbon Sinks,"Land-use commitments, sink accounting, additionality, and offsets","Japan's Second NDC (Feb 2025); Climate Action Tracker Assumptions page (secondary, citing Government of Japan 2025c)","The NDC's headline 60%-by-2035 target embeds both a projected LULUCF sink of 91 MtCO2 for 2035 and Joint Crediting Mechanism (JCM) bilateral offset credits, which Japan states it aims to secure 'at the level of approximately 100 MtCO2 by FY2030 and approximately 200 MtCO2 by FY2040' and has confirmed will count toward its NDC targets. Climate Action Tracker (secondary) recalculates the target after removing both LULUCF and JCM to assess the underlying gross-emissions reduction separately.",IPCC AR6 WGIII Ch.7 (AFOLU),"AFOLU can provide 20–30% of global mitigation needed for 1.5/2°C pathways to 2050 (~8–14 GtCO2e/yr economic potential), led by forest/ecosystem protection; the chapter flags long-term additionality and permanence uncertainty for land-sink-heavy strategies.",0.6,Significant,Significant,Medium,"Similar to several other countries reviewed, Japan blends a domestic LULUCF sink together with international offset credits (JCM) into a single 'net' headline figure rather than reporting gross domestic reductions transparently — CAT's need to strip both out separately to assess real ambition is itself evidence of a transparency gap.",Partly,Retain Figure 2 Class,Potential post-cut-off source/date,1,Reviewer 1,2026-08-07,Exploratory 119-cell review
GC-064,Mexico,D1,Renewable Energy Targets,Share of renewable/non-fossil electricity or installed capacity vs IPCC electricity-share benchmark,"Mexico's Third NDC / NDC 3.0 (submitted UNFCCC Nov 17, 2025, presented at COP30)","NDC 3.0 sets the goal of 'achieving 38.5% clean electricity generation by 2030 and 43.3% by 2035' (SEMARNAT Minister Alicia Bárcena, COP30 remarks, primary statement). Mexico's track record on prior targets is weak: the 2015 NDC's goal of 35% clean electricity by 2024 was missed, with the country reaching only 26.5% in 2024 (Mexico Business News, secondary, citing the latest government report).",IPCC AR6 WGIII Ch.6; SPM.3,1.5–<2°C pathways: low-carbon sources ~93–97% of global electricity by 2050.,0.6,Significant,Significant,High,"A specific, quantified 2035 target exists and is embedded in the current NDC, but Mexico's own track record shows a comparable prior target (35% by 2024) was missed by nearly 9 percentage points — real evidence of implementation risk that keeps this below full alignment even before considering the large remaining gap to AR6's global 2050 benchmark.",Yes,Retain Figure 2 Class,Potential post-cut-off source/date,1,Reviewer 1,2026-08-07,Exploratory 119-cell review
GC-065,Mexico,D2,Net Zero Pathway,"Net-zero target year, gases/sectors covered vs IPCC net-zero trajectory","NDC 3.0 (Nov 2025); net-zero-by-2050 announcement (COP29, 2024)","For the first time, Mexico's NDC sets an absolute (not BAU-percentage) net emissions cap for 2035: 364–404 MtCO2e unconditionally, 332–363 MtCO2e with international support, covering all GHGs and sectors (including LULUCF), reaffirming net zero by 2050. Climate Action Tracker (secondary) states this 'would lead Mexico closer to a 1.5°C-compatible national emissions trajectory' versus the previous 2030 NDC, though Mexico has not yet submitted an updated Long-Term Strategy. Independent commentary (Isabel Studer, Sostenibilidad Global, secondary) flags a 'structural contradiction': PEMEX's 2026 budget (US$28.2 billion) dwarfs SEMARNAT's environment budget (US$103 million, a 4% real decline), and the Minister herself stated PEMEX's continued oil production growth is compatible with the target only because 'it will have to offset its emissions with nature-based solutions.'",IPCC AR6 Synthesis Report SPM B.6; WGIII Ch.3,"1.5°C (no/limited overshoot) pathways reach net-zero CO2 in the early 2050s, with GHG cuts of 43% [34–60%] by 2030 and 84% [73–98%] by 2050 vs 2019.",0.85,Critical,Significant,High,"This is a genuine, quantified, first-ever absolute headline target and CAT independently confirms it narrows the gap to 1.5°C alignment — real progress. However, the explicit ministerial admission that rising PEMEX oil emissions will be offset by forest/mangrove sinks rather than reduced at the source is a serious, self-acknowledged credibility gap in how the target will actually be met.",Yes,Retain Figure 2 Class,Potential post-cut-off source/date,0,Reviewer 1,2026-08-07,Exploratory 119-cell review
GC-066,Mexico,D3,Methane Reduction,Specific methane reduction commitment vs IPCC rapid methane reduction requirement,NDC 3.0 (Nov 2025); Natural Resource Governance Institute analysis (Sept 2025); Climate & Clean Air Coalition Mexico partner page,"No quantified national methane reduction target was found in the NDC. NRGI (secondary) frames methane action as a forward-looking opportunity, not an existing commitment: 'the updated NDC offers the right framework for Pemex to adopt absolute, phased reduction targets... and join the Oil & Gas Methane Partnership (OGMP 2.0)' — implying PEMEX has not yet done so. The Climate & Clean Air Coalition (secondary) lists ongoing, unfinished work to 'develop a methane roadmap for the livestock sub-sector and inclusion of agricultural livestock methane in Mexico's NDC 3.0,' indicating this remains in progress rather than completed. Mexico does have federal oil & gas methane regulations (since 2020, the first in Latin America) and 2019 pipeline-venting guidelines, but these are process/regulatory measures, not a quantified reduction target.",IPCC AR6 Synthesis Report SPM B.6.2,1.5°C (>50%) no/limited-overshoot pathways: global methane emissions reduced 34% [21–57%] by 2030 relative to 2019.,0.8,Critical,Absent,Medium,"Despite methane being tied for Mexico's largest single emissions source (~22% of total GHG, per CGS/UMD analysis) and years of regulatory groundwork, no quantified national methane reduction target was found — multiple sources frame this as a recommended next step rather than a completed commitment, matching the rubric's definition of Absent more closely than 'Critical' (which would imply an existing but insufficient target).",Partly,Revise Class,Potential post-cut-off source/date,0,Reviewer 1,2026-08-07,Exploratory 119-cell review
GC-067,Mexico,D4,Adaptation Finance,Quantified adaptation finance needs/commitments and conditionality,NDC 3.0 (Nov 2025) — adaptation and means-of-implementation components,"NDC 3.0 adds new 'means of implementation' and 'cross-cutting issues' components and frames adaptation around six axes (including a new climate-security axis), but no quantified adaptation-specific finance figure was found across multiple searches of NDC summaries, UNDP Climate Promise coverage, and Climate Action Tracker's policy analysis. References found (e.g., 'Solar Roofs for Well-Being,' rural electrification) are mitigation/access programs, not disaggregated adaptation finance commitments.","IPCC AR6 WGII SPM C.3, C.5","AR6 WGII documents a widening adaptation finance gap; most tracked climate finance still goes to mitigation, and adaptation finance falls short of documented needs in developing countries.",0.85,Critical,Absent,Medium,"Unlike mitigation (which now has a specific absolute 2035 emissions cap) and loss and damage (which has a dedicated named component), no quantified adaptation finance figure could be found in NDC 3.0 despite extensive searching — a real structural asymmetry within the same NDC. Confidence is Medium rather than High only because the full NDC 3.0 primary text was not directly reviewed line-by-line; a subsequent primary-document check is recommended before finalizing this classification.",Partly,Revise Class,Potential post-cut-off source/date,0,Reviewer 1,2026-08-07,Exploratory 119-cell review
GC-068,Mexico,D5,Loss and Damage,"Loss and Damage finance needs, liability/compensation references, or related commitments","NDC 3.0 (Nov 2025), dedicated Loss and Damage component","For the first time, Mexico's NDC includes 'loss and damage as a dedicated component, addressing climate-induced displacement, risk-transfer mechanisms, and resilient reconstruction' (UNDP Climate Promise, primary NDC summary). Mexico Business News (secondary) adds the component is 'focused on resilience and financial risk tools, such as parametric insurance, to protect vulnerable communities.'",IPCC AR6 WGII SPM B,"AR6 WGII recognizes losses and damages as escalating, unequally distributed, and worsening with each increment of warming, with hard/soft adaptation limits already reached in some systems.",1,Absent,Significant,High,"This is the most substantive *domestic* loss-and-damage framework embedded directly within an NDC among all countries reviewed — naming specific mechanisms (parametric insurance, displacement response, resilient reconstruction) rather than a general statement of intent. It falls short of 'Aligned' only because no quantified finance figure was found attached to this specific component.",Yes,Retain Figure 2 Class,Potential post-cut-off source/date,0,Reviewer 1,2026-08-07,Exploratory 119-cell review
GC-069,Mexico,D6,Transport Sector Targets,Transport electrification/modal shift/sector target vs IPCC transport mitigation pathway,"2023 National Electric Mobility Strategy (ENME, SEMARNAT); Norma 163 (published Jan 2024, five years delayed)","The ENME sets qualitative priority areas across electric public transport, freight, private light vehicles, and alternative electric mobility, organized around five working groups (regulation, incentives/financing, pilot projects, city alliances, infrastructure/research). Norma 163 (Jan 2024) is a real, binding emissions-limit standard for new light vehicles — a more concrete regulatory instrument than most peers' purely aspirational transport language. However, EV adoption remains minimal: cumulative EV/PHEV/HEV sales from Jan 2016–June 2023 were only 2.5% of total light-vehicle sales, and no absolute transport-sector emissions or EV-sales-share numeric target was found in the NDC itself.",IPCC AR6 WGIII Ch.10,1.5°C (no/limited overshoot) pathways require a 59% [42–68%] reduction in transport CO2 by 2050 vs modelled 2020 levels; light-duty-vehicle electrification is the leading near-term lever.,0.6,Significant,Not Comparable,Medium,"A genuinely binding regulatory standard (Norma 163) sets this apart from most peers' qualitative-only transport commitments, but there is still no absolute transport-emissions or numeric electrification-share target to benchmark against AR6's 59%-by-2050 metric, and real-world EV penetration remains very low.",Partly,Revise Class,,0,Reviewer 1,2026-08-07,Exploratory 119-cell review
GC-070,Mexico,D7,LULUCF and Carbon Sinks,"Land-use commitments, sink accounting, additionality, and offsets",NDC 3.0 (Nov 2025); National Restoration Environmental Programme (2025); National Blue Carbon Strategy (March 2024),"Climate Action Tracker (secondary) notes 'the land use, land-use change, and forestry (LULUCF) has been a stable sink in Mexico over the last 20 years' — a more credible baseline than several peers reviewed. The 2025 National Restoration Environmental Programme sets quantified targets: restoring 25,000 ha of forest by 2025 and 100,000 ha by 2030, contributing to the existing net-zero-deforestation-by-2030 goal, alongside a National Blue Carbon Strategy protecting mangroves and seagrasses. However, Minister Bárcena explicitly stated that PEMEX's continued oil production growth 'will have to offset its emissions with nature-based solutions,' citing forest and mangrove conservation as the offset mechanism for a fossil-fuel sector that is expanding, not contracting.",IPCC AR6 WGIII Ch.7 (AFOLU),"AFOLU can provide 20–30% of global mitigation needed for 1.5/2°C pathways to 2050 (~8–14 GtCO2e/yr economic potential), led by forest/ecosystem protection; the chapter flags long-term additionality and permanence uncertainty for land-sink-heavy strategies.",1,Absent,Significant,High,"Mexico's LULUCF framework is more historically stable and multi-instrument (restoration program, blue carbon strategy, net-zero-deforestation goal) than most peers reviewed, which is genuine positive evidence. However, the government's own explicit statement that the forest/mangrove sink will be used to offset a *growing* PEMEX fossil-fuel sector — rather than supplementing gross cuts — is a direct, self-acknowledged substitution risk consistent with the pattern seen in Australia, Brazil, Canada, China, and Indonesia's LULUCF entries.",Yes,Retain Figure 2 Class,Potential post-cut-off source/date,0,Reviewer 1,2026-08-07,Exploratory 119-cell review
GC-071,Russia,D1,Renewable Energy Targets,Share of renewable/non-fossil electricity or installed capacity vs IPCC electricity-share benchmark,"Russia's 2035 NDC (submitted UNFCCC Sept 29, 2025); Energy Strategy to 2050 (2025)","Russia's original renewable target (4.5% non-hydro renewables by 2024) was already missed — 'implementation has fallen behind even this low target' (Climate Analytics, secondary). Wind and solar amounted to just 0.6% of generation in 2024 (Ember, via CAT, secondary). Hydropower's share is projected to *fall* from 17% (2024) to 15% by 2035 and then stabilise. Russia's Energy Strategy to 2050 projects coal's share of the energy mix to be 'ten times larger than that of wind and solar,' and separately plans to increase coal generation 19% above 2023 levels by 2035.",IPCC AR6 WGIII Ch.6; SPM.3,1.5–<2°C pathways: low-carbon sources ~93–97% of global electricity by 2050.,1,Absent,Critical,High,"This is the most severe D1 case reviewed among all countries so far — not merely underperformance against a target, but an explicit government energy strategy that projects renewables to remain marginal (coal at 10x the combined wind+solar share) while planning to *increase* coal generation through 2035.",Yes,Revise Class,Potential post-cut-off source/date,0,Reviewer 1,2026-08-07,Exploratory 119-cell review
GC-072,Russia,D2,Net Zero Pathway,"Net-zero target year, gases/sectors covered vs IPCC net-zero trajectory","Russia's 2035 NDC (Sept 2025); Long-Term Strategy (LTS, submitted UNFCCC Sept 2022)","NDC commits to emissions at 65–67% of 1990 levels by 2035 (incl. LULUCF), signed into law by President Putin in August 2025. Climate Action Tracker (secondary) states plainly: 'Russia is already set to achieve its 2035 emissions target under current policies... Russia's 2035 target therefore does not increase ambition beyond business as usual. This runs completely contrary to Paris Agreement principles, which require NDCs to reflect a country's highest possible ambition.' The LTS's net-zero-by-2060 goal (with an 80%-by-2050 milestone) relies so heavily on LULUCF sink growth that CAT notes Russia has 'effectively already met the 2050 target' through recalculated land-sink accounting rather than real emissions reductions. CAT rates the net-zero target 'Poor' and Russia's overall climate action 'Critically Insufficient.'",IPCC AR6 Synthesis Report SPM B.6; WGIII Ch.3,"1.5°C (no/limited overshoot) pathways reach net-zero CO2 in the early 2050s, with GHG cuts of 43% [34–60%] by 2030 and 84% [73–98%] by 2050 vs 2019.",0.85,Critical,Critical,High,"This is the clearest case reviewed of an NDC that fails the Paris Agreement's core ratchet-up requirement — an independent tracker confirms the target requires zero additional policy effort beyond business-as-usual, and the long-term net-zero milestone has already been satisfied through land-sink accounting rather than genuine decarbonisation.",Yes,Revise Class,Potential post-cut-off source/date,1,Reviewer 1,2026-08-07,Exploratory 119-cell review
GC-073,Russia,D3,Methane Reduction,Specific methane reduction commitment vs IPCC rapid methane reduction requirement,"Russia's 2035 NDC (Sept 2025); Global Methane Pledge (non-signatory, COP26 2021)","Russia has not signed the Global Methane Pledge and has 'not announced a high-level commitment on methane mitigation' (IEA Global Methane Tracker, secondary), despite being the world's fourth-largest GHG emitter. Russia's presidential climate envoy explicitly rejected the pledge, stating it 'would impose an unacceptable burden on Russia' and that Russia would 'determine its own schedule for reducing methane emissions' (Carbon Brief, secondary) — no such schedule or quantified target has since been published. Russian gas companies Gazprom and Rosneft participate in the voluntary Oil and Gas Methane Partnership 2.0 reporting standard, but international experts have 'questioned the transparency and consistency' of the resulting data.",IPCC AR6 Synthesis Report SPM B.6.2,1.5°C (>50%) no/limited-overshoot pathways: global methane emissions reduced 34% [21–57%] by 2030 relative to 2019.,0.85,Critical,Absent,High,"This is among the clearest 'Absent' cases reviewed — not merely a missing target, but an on-the-record government refusal to commit to any methane reduction schedule at all, from one of the world's largest methane emitters with notoriously leaky gas infrastructure.",Yes,Revise Class,Potential post-cut-off source/date,0,Reviewer 1,2026-08-07,Exploratory 119-cell review
GC-074,Russia,D4,Adaptation Finance,Quantified adaptation finance needs/commitments and conditionality,"National Action Plan for the first stage of adaptation to climate change (approved by Russian government, effective through 2022)","Russia's national adaptation plan lists qualitative preventive measures (e.g., dam building, drought-resistant crop switching) and crisis-preparation steps, but no adaptation finance figure was found in the plan or in the 2035 NDC. Independent analysis (Bobo Lo, French Institute of International Relations/IFRI, secondary) argues Russian climate policy, including adaptation, is 'subordinate to Moscow's larger strategic objectives' (geopolitical power projection, protecting fossil fuel majors) rather than genuine climate response, characterizing the overall posture as 'climate denialism in all but name.'","IPCC AR6 WGII SPM C.3, C.5","AR6 WGII documents a widening adaptation finance gap; most tracked climate finance still goes to mitigation, and adaptation finance falls short of documented needs in developing countries.",0.65,Significant,Absent,Medium,"A qualitative national adaptation plan exists but no quantified finance commitment was found across multiple searches, and independent international-relations analysis directly questions whether Russia's adaptation framing reflects genuine climate policy intent rather than other strategic priorities.",Partly,Revise Class,,0,Reviewer 1,2026-08-07,Exploratory 119-cell review
GC-075,Russia,D5,Loss and Damage,"Loss and Damage finance needs, liability/compensation references, or related commitments",Russia's 2035 NDC (Sept 2025),"No loss-and-damage finance need, liability/compensation reference, or contribution to the international Loss and Damage Fund was found for Russia in any source reviewed — consistent with Russia's broader pattern of disengagement from voluntary international climate cooperation mechanisms (non-signatory to the Global Methane Pledge, a 2035 target requiring no additional effort).",IPCC AR6 WGII SPM B,"AR6 WGII recognizes losses and damages as escalating, unequally distributed, and worsening with each increment of warming, with hard/soft adaptation limits already reached in some systems.",1,Absent,Absent,High,"No relevant commitment found, consistent with the rubric's definition of Absent and consistent with the broader pattern of minimal international climate engagement found across Russia's other dimensions in this review.",Yes,Retain Figure 2 Class,Potential post-cut-off source/date,1,Reviewer 1,2026-08-07,Exploratory 119-cell review
GC-076,Russia,D6,Transport Sector Targets,Transport electrification/modal shift/sector target vs IPCC transport mitigation pathway,"Russian Federation domestic EV production plans (2025 update, via Climate Action Tracker, secondary)","Pre-war plans aimed to expand domestic EV production to around 220,000 units by 2030; updated targets have been 'slashed by three-quarters' to a new goal of just 54,250 domestically-produced EVs by 2030 (CAT, secondary, citing Partsvania 2023 and Russian Federation 2025e). Moscow (a city, not national policy) 'leads the way in Russia for EV adoption, and leads the way in Europe for the rollout of electric buses.' No absolute transport-sector emissions target or national fleet-electrification-share target was found in the NDC.",IPCC AR6 WGIII Ch.10,1.5°C (no/limited overshoot) pathways require a 59% [42–68%] reduction in transport CO2 by 2050 vs modelled 2020 levels; light-duty-vehicle electrification is the leading near-term lever.,0.7,Significant,Not Comparable,Medium,"A real, quantified domestic EV production target exists, but it was cut by roughly 75% from its pre-war level and remains a small production-volume figure rather than an absolute transport-emissions or fleet-share metric comparable to AR6's benchmark — and city-level progress (Moscow) should not be read as representative of national transport policy.",Partly,Revise Class,Potential post-cut-off source/date,0,Reviewer 1,2026-08-07,Exploratory 119-cell review
GC-077,Russia,D7,LULUCF and Carbon Sinks,"Land-use commitments, sink accounting, additionality, and offsets",Russia's 2035 NDC (Sept 2025); Climate Action Tracker LULUCF analysis (secondary),"Russia's 2035 target of 65–67% of 1990 levels explicitly 'includes LULUCF' per the executive order underlying the NDC. Excluding LULUCF, the target equates to only 27–33% below 1990 levels (2,113–2,308 MtCO2e), versus the 79% below 1990 (657 MtCO2e) CAT calculates is needed for 1.5°C-compatibility excluding LULUCF — a very large gap masked by land-sink accounting. CAT states 'Russia's accounting methodology does not follow UNFCCC guidelines, leading to inflated figures regarding its LULUCF sector's carbon sink,' including counting unmanaged forests as a sink contrary to UNFCCC protocol, while 'official reporting on wildfires has been significantly lower than independent analyses based on satellite data.'",IPCC AR6 WGIII Ch.7 (AFOLU),"AFOLU can provide 20–30% of global mitigation needed for 1.5/2°C pathways to 2050 (~8–14 GtCO2e/yr economic potential), led by forest/ecosystem protection; the chapter flags long-term additionality and permanence uncertainty for land-sink-heavy strategies.",1,Absent,Critical,High,"This is the single most severe LULUCF integrity case found among all countries reviewed: an independent tracker documents non-UNFCCC-compliant accounting methodology, systematic wildfire under-reporting relative to satellite data, and a target where excluding the land sink reveals a gap roughly three times larger than the headline figure suggests — CAT explicitly recommends Russia submit a target excluding LULUCF specifically because the current approach 'allow[s] for low ambition in other areas of the economy.'",Yes,Revise Class,Potential post-cut-off source/date,0,Reviewer 1,2026-08-07,Exploratory 119-cell review
GC-078,Saudi Arabia,D1,Renewable Energy Targets,Share of renewable/non-fossil electricity or installed capacity vs IPCC electricity-share benchmark,Saudi Arabia's 2021 NDC (mitigation measures); Saudi Green Initiative (SGI); Vision 2030,"NDC and SGI commit to '50% of its power generated from renewable sources by 2030,' alongside plans to install 58.7 GW of renewable capacity by 2030. However, Climate Action Tracker (secondary) finds that 'as of 2024, renewables generated around 2% of electricity, rendering the 2030 target increasingly infeasible,' with only ~4.3 GW installed. The NDC's own energy-mix plan simultaneously commits to 'maintain a 50% share of natural gas in the electricity generation mix by 2030' (Climate Analytics, secondary) alongside the renewables target — suggesting the transition is framed as displacing oil rather than fossil fuels generally.",IPCC AR6 WGIII Ch.6; SPM.3,1.5–<2°C pathways: low-carbon sources ~93–97% of global electricity by 2050.,0.6,Significant,Critical,High,"CAT describes this target as 'aspirational at best' with implementation 'extremely slow' — at 2% actual vs. a 50% target four years out, this is one of the largest target-vs-reality gaps found in this review. CAT further notes that even full achievement of the 50% target would only stabilise, not meaningfully cut, Saudi Arabia's emissions.",Yes,Revise Class,,0,Reviewer 1,2026-08-07,Exploratory 119-cell review
GC-079,Saudi Arabia,D2,Net Zero Pathway,"Net-zero target year, gases/sectors covered vs IPCC net-zero trajectory","Saudi Arabia's Third NDC (submitted UNFCCC Dec 31, 2025)","The new NDC sets a target to 'reduce, avoid, and remove greenhouse gas emissions by 335 million tons... annually reached by 2040... on the basis of a dynamic baseline' — skipping a 2035 target entirely (unlike almost every other country reviewed) and explicitly reserving the right to change the baseline if the government feels the target imposes 'a disproportionate or abnormal burden on the Kingdom's economy' (Climate Home News, primary document quote). Climate Action Tracker (secondary) states: 'the new emissions reduction target... offers no meaningful improvements in ambition or transparency... the gap between Saudi Arabia's targets and a 1.5°C trajectory has actually widened.' Net zero is targeted for 2060 via a 'Circular Carbon Economy' approach reliant on CCS; no Long-Term Strategy has been submitted to the UNFCCC.",IPCC AR6 Synthesis Report SPM B.6; WGIII Ch.3,"1.5°C (no/limited overshoot) pathways reach net-zero CO2 in the early 2050s, with GHG cuts of 43% [34–60%] by 2030 and 84% [73–98%] by 2050 vs 2019.",0.8,Critical,Critical,High,"This may be the most opaque net-zero pathway design reviewed among any country: a target pegged to an undisclosed, self-adjustable baseline, with no 2035 milestone at all, and independently confirmed by CAT to have widened — not narrowed — the gap to 1.5°C alignment. CAT states plainly that 'assessing progress toward its new emissions reduction target is impossible.'",Yes,Revise Class,Potential post-cut-off source/date,1,Reviewer 1,2026-08-07,Exploratory 119-cell review
GC-080,Saudi Arabia,D3,Methane Reduction,Specific methane reduction commitment vs IPCC rapid methane reduction requirement,"2021 NDC methane management measures; Global Methane Pledge (Crown Prince pledge, Oct 2021); World Bank Zero Routine Flaring by 2030 initiative (Saudi Aramco, endorsed Nov 2019)","Saudi Arabia is a Global Methane Pledge member, with Crown Prince Mohammed bin Salman pledging in 2021 to 'cut methane emissions by 30% by 2030' (relative to 2020 levels, collective GMP goal). The NDC lists concrete methane management measures including zero routine flaring and 'recovery and use of methane for electricity generation and petrochemicals manufacturing.' Saudi Aramco's Master Gas System has reduced flaring from ~4,000 million cubic feet/day to under 200 mmcf/day historically, with flaring intensity down ~10% between 2012–2022 (World Bank flaring database, primary). One secondary source (ScienceDirect industry review) separately cites a '15% methane emissions cut by 2030' figure tied to specific initiatives, which is inconsistent with the 30% GMP figure and should be reconciled against the primary NDC text.",IPCC AR6 Synthesis Report SPM B.6.2,1.5°C (>50%) no/limited-overshoot pathways: global methane emissions reduced 34% [21–57%] by 2030 relative to 2019.,0.65,Significant,Significant,Medium,"Unlike Russia, China, and India, Saudi Arabia is a Global Methane Pledge member with concrete, decades-long infrastructure investment in flaring reduction — genuine evidence, and stronger than most other dimensions in this same NDC. Confidence is Medium due to an unresolved discrepancy between two different reduction percentages found in the sources (15% vs. 30%), which should be checked against Saudi Arabia's primary NDC or BTR text.",Partly,Revise Class,,1,Reviewer 1,2026-08-07,Exploratory 119-cell review
GC-081,Saudi Arabia,D4,Adaptation Finance,Quantified adaptation finance needs/commitments and conditionality,Saudi Arabia's NDC (2021 and Dec 2025 versions); Institute for Global Environmental Strategies (IGES) NDC Database v7.7 (Oct 2022),"The IGES NDC Database — a systematic, independent tracker of financial resources needed for countries' NDC adaptation commitments — lists 'No Data' for Saudi Arabia's adaptation finance needs (Berkeley Othering & Belonging Institute, secondary, citing IGES directly). Academic analysis (Taylor & Francis, secondary) confirms mitigation and adaptation measures in the NDC are framed only as 'co-benefits' of economic diversification rather than a standalone funded pillar. Large domestic infrastructure investments exist (e.g., an 8.5 million m³/day desalination capacity target by 2025) but are framed around water security broadly, not disclosed as climate adaptation finance in the NDC.","IPCC AR6 WGII SPM C.3, C.5","AR6 WGII documents a widening adaptation finance gap; most tracked climate finance still goes to mitigation, and adaptation finance falls short of documented needs in developing countries.",0.85,Critical,Absent,High,"This is one of the most directly confirmed 'Absent' findings in this review — an independent, systematic NDC finance database explicitly returns 'No Data' for Saudi Arabia's adaptation finance needs, and academic analysis separately confirms adaptation is framed only as a co-benefit rather than a funded commitment.",Yes,Revise Class,Potential post-cut-off source/date,0,Reviewer 1,2026-08-07,Exploratory 119-cell review
GC-082,Saudi Arabia,D5,Loss and Damage,"Loss and Damage finance needs, liability/compensation references, or related commitments",Saudi Arabia's NDC (2021 and Dec 2025 versions),"No loss-and-damage finance need, liability/compensation reference, domestic L&D framework, or contribution to the international Loss and Damage Fund was found for Saudi Arabia in any source reviewed.",IPCC AR6 WGII SPM B,"AR6 WGII recognizes losses and damages as escalating, unequally distributed, and worsening with each increment of warming, with hard/soft adaptation limits already reached in some systems.",1,Absent,Absent,High,"No relevant commitment found, consistent with the rubric's definition of Absent, and consistent with the broader pattern of minimal transparency and disclosure found across this NDC's other dimensions (no adaptation finance data, an undisclosed/adjustable emissions baseline, no submitted Long-Term Strategy).",Yes,Retain Figure 2 Class,Potential post-cut-off source/date,1,Reviewer 1,2026-08-07,Exploratory 119-cell review
GC-083,Saudi Arabia,D6,Transport Sector Targets,Transport electrification/modal shift/sector target vs IPCC transport mitigation pathway,Saudi Railway Master Plan (2010); Riyadh Metro (operational 2024); NEOM light rail; Climate Analytics Saudi Arabia country profile,"Climate Analytics (secondary, directly assessing the NDC) states plainly: 'No quantitative targets directly linked to climate action in the transport sector.' Real infrastructure investment nonetheless exists: the Saudi Railway Master Plan targets a 9,900 km network by 2040 (5,500 km in its first phase to 2025), the Riyadh Metro and NEOM light rail are now operational, the electric Haramain High-Speed Railway connects Makkah and Medina, and the government is investing in domestic EV manufacturing. However, 'most of Saudi Arabia's other rail lines — particularly for freight and long-distance passenger travel — are powered by diesel' (Climate Action Tracker, secondary).",IPCC AR6 WGIII Ch.10,1.5°C (no/limited overshoot) pathways require a 59% [42–68%] reduction in transport CO2 by 2050 vs modelled 2020 levels; light-duty-vehicle electrification is the leading near-term lever.,1,Absent,Not Comparable,High,"This is a directly-confirmed case: an independent tracker explicitly states the NDC contains no quantitative transport target at all, despite genuine, large-scale rail and EV infrastructure investment — the investment exists, but there is nothing to benchmark against AR6's absolute-emissions metric, and most freight/long-distance rail remains diesel-powered regardless.",Yes,Revise Class,,0,Reviewer 1,2026-08-07,Exploratory 119-cell review
GC-084,Saudi Arabia,D7,LULUCF and Carbon Sinks,"Land-use commitments, sink accounting, additionality, and offsets",Saudi Arabia's Third NDC (Dec 2025); Saudi Green Initiative tree-planting program; Climate Transparency Report 2021,"Climate Action Tracker (secondary) states it had to derive the 2035/2040 emissions level using an external baseline scenario partly because of 'uncertainties around the expected contributions of the land use and forestry sector to emissions reduc[tions]' — meaning LULUCF's role in the headline target is itself undisclosed. The Saudi Green Initiative includes mass tree-planting ambitions, but Climate Transparency's 2021 country report notes 'the efficacy of mass tree planting has been questioned given the country's climate,' with only local drought-resistant plants and mangroves considered viable given Saudi Arabia's arid conditions. No separate, quantified LULUCF sink target was found.",IPCC AR6 WGIII Ch.7 (AFOLU),"AFOLU can provide 20–30% of global mitigation needed for 1.5/2°C pathways to 2050 (~8–14 GtCO2e/yr economic potential), led by forest/ecosystem protection; the chapter flags long-term additionality and permanence uncertainty for land-sink-heavy strategies.",1,Absent,Absent,Medium,"Unlike most other countries reviewed (where LULUCF is at least embedded in a 'net' headline figure, even if opaquely), Saudi Arabia's arid geography fundamentally limits large-scale land-sink potential, and CAT confirms the sector's contribution to the target isn't even disclosed — combined with independent skepticism about the feasibility of the tree-planting program itself, this points toward Absent rather than a genuine (if flawed) LULUCF strategy.",Partly,Revise Class,Potential post-cut-off source/date,1,Reviewer 1,2026-08-07,Exploratory 119-cell review
GC-085,South Africa,D1,Renewable Energy Targets,Share of renewable/non-fossil electricity or installed capacity vs IPCC electricity-share benchmark,South Africa's Second NDC (submitted UNFCCC Oct 2025); Integrated Resource Plan (IRP) 2025,"The NDC itself states a total of 44 GW of new renewable energy capacity will be installed by 2035, 'thus contributing to green industrialization and helping to achieve the mitigation targets in this second NDC' — a quantified target embedded directly in the NDC text, not a separate side-document. This is further backed by the Just Energy Transition Partnership (JETP), which secured financing for 15 GW of renewable energy beyond the IRP baseline. However, as of 2025, just over 74% of South Africa's electricity still comes from burning coal (allAfrica/academic analysis, secondary).",IPCC AR6 WGIII Ch.6; SPM.3,1.5–<2°C pathways: low-carbon sources ~93–97% of global electricity by 2050.,0.6,Significant,Significant,High,"This is one of the more concrete D1 cases reviewed — a specific capacity target embedded directly in the NDC text (rather than deferred to a side energy policy) with real, quantified international financial backing via the JETP. It falls short of full alignment given coal still supplies roughly three-quarters of current generation.",Yes,Retain Figure 2 Class,Potential post-cut-off source/date,1,Reviewer 1,2026-08-07,Extended 35-cell diagnostic subset
GC-086,South Africa,D2,Net Zero Pathway,"Net-zero target year, gases/sectors covered vs IPCC net-zero trajectory",South Africa's Second NDC (Oct 2025); Low-Emission Development Strategy (LEDS),"NDC sets an absolute, economy-wide target of 320–380 MtCO2e by 2035, in line with net zero by 2050 (LEDS). Climate Action Tracker (secondary) explicitly praises the NDC's structure: it 'incorporates many criteria which the CAT considers to be good practice, such as setting economy-wide targets and in absolute emission levels,' and estimates the new target is 'close to, but not fully aligned with, a 1.5°C compatible trajectory.' However, CAT also finds 'the gap between the target range... to a fully aligned 1.5 pathway has widened with the new 2035 targets, compared to the 2030 targets which fall almost entirely within the 1.5°C aligned pathway.' South Africa's own Presidential Climate Commission argued the government 'could credibly aim to reduce its carbon emissions by around 25–30% more between 2030 and 2035' (secondary, academic analysis).",IPCC AR6 Synthesis Report SPM B.6; WGIII Ch.3,"1.5°C (no/limited overshoot) pathways reach net-zero CO2 in the early 2050s, with GHG cuts of 43% [34–60%] by 2030 and 84% [73–98%] by 2050 vs 2019.",0.7,Significant,Significant,High,"This is among the best-structured NDCs reviewed by CAT's own standard (absolute, economy-wide, good-practice design) and is genuinely 'close to' 1.5°C alignment — stronger than most peers. It falls short of 'Aligned' because the government scaled back from its own scientific advisory body's recommendation, and the gap to full alignment widened rather than narrowed relative to the 2030 target.",Yes,Retain Figure 2 Class,Potential post-cut-off source/date,1,Reviewer 1,2026-08-07,Extended 35-cell diagnostic subset
GC-087,South Africa,D3,Methane Reduction,Specific methane reduction commitment vs IPCC rapid methane reduction requirement,South Africa's Second NDC (Oct 2025); Global Methane Pledge (membership status unclear),"No specific quantified methane reduction target was found in the NDC text reviewed. South Africa's methane emissions grew 30% between 1990–2019 to 61 MtCO2e/yr (Climate Transparency, secondary), with agriculture the largest source (49% of the total in 2019, down from 72% in 1990). South Africa's Global Methane Pledge membership status could not be confirmed either way across the sources reviewed.",IPCC AR6 Synthesis Report SPM B.6.2,1.5°C (>50%) no/limited-overshoot pathways: global methane emissions reduced 34% [21–57%] by 2030 relative to 2019.,0.85,Critical,Absent,Medium,"No quantified methane commitment was found despite active searching, matching the rubric's definition of Absent — though confidence is Medium rather than High because South Africa's Global Methane Pledge membership status specifically could not be confirmed one way or the other, and should be checked against the primary NDC or a GMP member list before finalizing.",Partly,Revise Class,Potential post-cut-off source/date,0,Reviewer 1,2026-08-07,Extended 35-cell diagnostic subset
GC-088,South Africa,D4,Adaptation Finance,Quantified adaptation finance needs/commitments and conditionality,"South Africa's Second NDC (Oct 2025); Just Energy Transition Partnership (JETP, COP26 2021) and Just Energy Transition Investment Plan (JET IP, 2023–2027)","The NDC states an estimated total investment of ZAR 3.47 trillion (~USD 201.6bn) is needed for mitigation projects to achieve the 2035 target range, though Climate Action Tracker (secondary) notes 'it does not state how much of this total investment figure should be met by international support.' Separately, the JETP secured an initial USD 8.5–9.3bn commitment (2023–2027) from France, Germany, the UK, US and EU, with a detailed Investment Plan covering electricity, New Energy Vehicles, and green hydrogen. The NDC also includes 'the country's first adaptation communication with elaborated measures on adaptation' (UNDP Climate Promise, secondary), though no adaptation-specific dollar figure was found (JETP funding is primarily mitigation/just-transition focused).","IPCC AR6 WGII SPM C.3, C.5","AR6 WGII documents a widening adaptation finance gap; most tracked climate finance still goes to mitigation, and adaptation finance falls short of documented needs in developing countries.",0.65,Significant,Significant,Medium,"South Africa has an unusually high level of financial transparency and planning detail compared to most peers reviewed (a specific total investment figure, a multi-year internationally-backed investment plan, and a formal adaptation communication), but true adaptation-specific finance figures remain elusive — the large quantified figures found are mitigation/transition-focused, consistent with the pattern seen across most other countries in this review.",Partly,Retain Figure 2 Class,Potential post-cut-off source/date,1,Reviewer 1,2026-08-07,Extended 35-cell diagnostic subset
GC-089,South Africa,D5,Loss and Damage,"Loss and Damage finance needs, liability/compensation references, or related commitments","South Africa's Second NDC (Oct 2025), primary text","The NDC directly and explicitly addresses loss and damage: 'South Africa expects a fair share of international climate finance, to be provided by the Fund for Responding to Loss and Damage (FRLD). Getting the FRLD, established in 2023, well-resourced, with effective mechanisms to claim and disburse monies in a timely manner to those worst impacted is a priority for South Africa.' This is a direct, named, primary-document statement of priority — framed as a recipient-country expectation rather than a quantified financial figure.",IPCC AR6 WGII SPM B,"AR6 WGII recognizes losses and damages as escalating, unequally distributed, and worsening with each increment of warming, with hard/soft adaptation limits already reached in some systems.",0,Aligned,Significant,High,"The system's default score (1.00 → 'Absent') doesn't match the evidence — the NDC contains an explicit, named loss-and-damage section identifying the FRLD as a priority, a stronger and more direct textual commitment than found in several other countries' NDCs reviewed in this exercise, even though it is a stated expectation of support rather than a quantified financial pledge.",Yes,Revise Class,Potential post-cut-off source/date,0,Reviewer 1,2026-08-07,Extended 35-cell diagnostic subset
GC-090,South Africa,D6,Transport Sector Targets,Transport electrification/modal shift/sector target vs IPCC transport mitigation pathway,"Electric Vehicle (EV) White Paper (Department of Trade, Industry and Competition, dtic.gov.za); Just Energy Transition Partnership (New Energy Vehicles priority area)","The EV White Paper sets an explicit target: by 2035, South Africa's vehicle production and consumption mix will shift to approximately 75% EV / 25% internal combustion engine (ICE) vehicles, aligned with (and citing) the same global sales projection used in the document (new ICE sales projected to fall to ~25% of the global total by 2035). This target is also linked to the Just Energy Transition Partnership, which names New Energy Vehicles as one of three JETP priority sectors alongside electricity and green hydrogen. Transport represented ~11% of South Africa's total GHG emissions in 2022 (excl. LULUCF), overwhelmingly from road transport (Climate Action Tracker, secondary, citing the 2024 National Inventory Report).",IPCC AR6 WGIII Ch.10,1.5°C (no/limited overshoot) pathways require a 59% [42–68%] reduction in transport CO2 by 2050 vs modelled 2020 levels; light-duty-vehicle electrification is the leading near-term lever.,0,Aligned,Significant,Medium,"This is among the more specific, numerically ambitious transport targets reviewed (a 75% EV sales-share goal by 2035, directly tied to international JETP financing), comparable in specificity to Canada's or the EU's vehicle targets. Confidence is Medium rather than High because the EV White Paper functions as a strategic 'vision' document rather than confirmed binding regulation, and the metric (vehicle sales share) still differs from AR6's absolute transport-emissions benchmark.",Partly,Retain Figure 2 Class,,0,Reviewer 1,2026-08-07,Formal cut-off-compliant 8-cell subset
GC-091,South Africa,D7,LULUCF and Carbon Sinks,"Land-use commitments, sink accounting, additionality, and offsets",South Africa's Second NDC (Oct 2025); 2024 Biennial Transparency Report; National Forests Amendment Act (2022),"South Africa's Forestry and Other Land Use (FOLU) sector is a genuine, verified, and growing net sink — over 25 MtCO2e in 2020, rising to more than 40 MtCO2e in 2022 per the 2024 Biennial Transparency Report (Climate Action Tracker, secondary, citing DFFE data). The National Forests Amendment Act (2022) supports sector sustainability, and ongoing programmes cover afforestation, forest/woodland restoration, and grassland rehabilitation. Notably, the NDC explicitly excludes emissions from 'natural disturbances in the land sector' from its total net GHG figure — a transparency-positive design choice CAT contrasts favorably with countries that inflate sink figures. CAT does recommend the NDC 'could be further strengthened by clearly separating out LULUCF emissions' as a standalone line item.",IPCC AR6 WGIII Ch.7 (AFOLU),"AFOLU can provide 20–30% of global mitigation needed for 1.5/2°C pathways to 2050 (~8–14 GtCO2e/yr economic potential), led by forest/ecosystem protection; the chapter flags long-term additionality and permanence uncertainty for land-sink-heavy strategies.",1,Absent,Significant,High,"This is one of the more credible, methodologically transparent LULUCF cases reviewed — a verified, growing, officially-reported net sink with supporting legislation, and CAT specifically cites South Africa's exclusion of natural-disturbance emissions as good practice (the opposite of Russia's inflated-sink approach). It stops short of 'Aligned' only because CAT's own recommendation — a fully separated LULUCF target line — has not yet been implemented.",Yes,Retain Figure 2 Class,Potential post-cut-off source/date,0,Reviewer 1,2026-08-07,Extended 35-cell diagnostic subset
GC-092,South Korea,D1,Renewable Energy Targets,Share of renewable/non-fossil electricity or installed capacity vs IPCC electricity-share benchmark,"South Korea's 2035 NDC (submitted UNFCCC Dec 26, 2025)","Climate Action Tracker (secondary) states the 2035 NDC 'sets a 30% renewable electricity target in 2035, which represents a step back from the 30% target originally outlined in its updated 2030 NDC from 2021' — i.e., the official renewable electricity target has not increased at all over five additional years. This starkly contrasts with independent modelling (CGS/SFOC High Ambition pathway, secondary): renewable generation could realistically rise from 10% (2024) to 49% by 2030 and 67% by 2035 with 15 GW/year of buildout, while South Korea's own 11th Basic Electricity Plan (BEP) targets only 22% by 2030 and 33% by 2038.",IPCC AR6 WGIII Ch.6; SPM.3,1.5–<2°C pathways: low-carbon sources ~93–97% of global electricity by 2050.,0.7,Significant,Critical,High,"This is a rare, directly-confirmed case of zero incremental ambition: CAT explicitly states the 2035 target matches the 2030 target set five years earlier, rather than strengthening it — while independent bottom-up modelling shows more than double that renewable share (67%) is technically achievable by 2035.",Yes,Revise Class,Potential post-cut-off source/date,0,Reviewer 1,2026-08-07,Exploratory 119-cell review
GC-093,South Korea,D2,Net Zero Pathway,"Net-zero target year, gases/sectors covered vs IPCC net-zero trajectory",South Korea's 2035 NDC (Dec 2025); Framework Act on Carbon Neutrality and Green Growth (2021),"NDC sets an absolute, economy-wide target of 53–61% below 2018 levels by 2035 (incl. LULUCF), reaffirming net zero by 2050 under the Carbon Neutrality Act (South Korea was the 14th country to legislate this). At COP30, South Korea joined the Powering Past Coal Alliance and committed to phase out coal by 2040, retiring 40 of 61 coal plants. Climate Action Tracker (secondary) assesses the target as 'not 1.5°C-aligned... based on the upper end of the target range,' with the ambition gap 'only marginally narrowed compared to its 2030 commitment,' and flags that 'the lack of transparency on its intended use of international carbon credits... leaves the level of domestic mitigation implied by the target unclear.'",IPCC AR6 Synthesis Report SPM B.6; WGIII Ch.3,"1.5°C (no/limited overshoot) pathways reach net-zero CO2 in the early 2050s, with GHG cuts of 43% [34–60%] by 2030 and 84% [73–98%] by 2050 vs 2019.",0.7,Significant,Significant,High,"A genuine, legislated, absolute economy-wide target exists whose upper bound approaches independent high-ambition modelling (57–61%), but CAT confirms even that upper bound falls short of full 1.5°C alignment, and undisclosed reliance on Article 6 credits (4.0–4.6% of the target) adds real uncertainty about domestic effort.",Yes,Retain Figure 2 Class,Potential post-cut-off source/date,1,Reviewer 1,2026-08-07,Exploratory 119-cell review
GC-094,South Korea,D3,Methane Reduction,Specific methane reduction commitment vs IPCC rapid methane reduction requirement,South Korea's 2030 Methane Emissions Reduction Roadmap (in line with GMP); COP29 Declaration on Reducing Methane from Organic Waste (signed 2024),"South Korea has a detailed, sectorally-disaggregated methane roadmap targeting a reduction from 28 MtCO2e (2018) to 19.7 MtCO2e (2030) — a 30% cut in line with the Global Methane Pledge — broken down into 2.5 MtCO2e from agriculture, 4 MtCO2e from waste, and 1.8 MtCO2e from energy. However, independent academic analysis (SFOC, secondary) finds this target 'risks falling short of its methane budget aligned with the 1.5°C temperature limit,' estimating South Korea's actual responsibility should be 'more than twice its current target' (18 MtCO2e below 2018 levels, vs. the current ~8.3 MtCO2e reduction), and criticises the roadmap for lacking any measures beyond 2030.",IPCC AR6 Synthesis Report SPM B.6.2,1.5°C (>50%) no/limited-overshoot pathways: global methane emissions reduced 34% [21–57%] by 2030 relative to 2019.,0.85,Critical,Significant,High,"This is one of the most detailed, sectorally-disaggregated methane roadmaps reviewed among any country — a real, quantified, GMP-aligned target with sub-sector breakdowns, unlike most peers who have no target at all. It falls short of full alignment because independent analysis finds current ambition should roughly double to be 1.5°C-consistent, and the plan has no post-2030 trajectory.",Yes,Revise Class,,0,Reviewer 1,2026-08-07,Exploratory 119-cell review
GC-095,South Korea,D4,Adaptation Finance,Quantified adaptation finance needs/commitments and conditionality,"National Climate Change Adaptation Plans (2010, 2015 cycles); South Korea's Mid-term Strategy for Development Cooperation 2021–2025; 2023 ODA reporting","South Korea has maintained formal National Climate Change Adaptation Plans since 2010 (among the earliest such plans reviewed). Internationally, 2023 bilateral ODA data (Donor Tracker, secondary) shows 74.5% of South Korea's climate-related ODA tagged with the mitigation marker and 72.7% tagged with the adaptation marker (overlapping categories), with USD 1.4 billion tagged as serving both mitigation and adaptation. The Mid-term Strategy commits to increasing ODA climate financing via the Green New Deal fund and GCF partnerships.","IPCC AR6 WGII SPM C.3, C.5","AR6 WGII documents a widening adaptation finance gap; most tracked climate finance still goes to mitigation, and adaptation finance falls short of documented needs in developing countries.",0.65,Significant,Significant,High,"This is one of the more transparent adaptation-finance pictures reviewed — a long-running domestic adaptation planning cycle plus disclosed, quantified international ODA figures with explicit adaptation tagging, comparable to Canada's evidentiary strength on this dimension.",Yes,Retain Figure 2 Class,,1,Reviewer 1,2026-08-07,Exploratory 119-cell review
GC-096,South Korea,D5,Loss and Damage,"Loss and Damage finance needs, liability/compensation references, or related commitments",South Korea's 2035 NDC (Dec 2025); international climate cooperation profile,"No specific loss-and-damage finance need, liability/compensation reference, domestic L&D framework, or named contribution to the international Loss and Damage Fund was found for South Korea across multiple searches covering its adaptation and international climate finance profile, despite South Korea's substantial and well-documented broader climate finance activity (GCF, GGGI, bilateral ODA).",IPCC AR6 WGII SPM B,"AR6 WGII recognizes losses and damages as escalating, unequally distributed, and worsening with each increment of warming, with hard/soft adaptation limits already reached in some systems.",0.6,Significant,Absent,Medium,"Given how well-documented South Korea's other finance activities are (GCF, ODA, GGGI), the absence of any discoverable L&D-specific commitment is notable — though confidence is Medium rather than High since the primary NDC text itself was not directly reviewed line-by-line for an L&D section.",Partly,Revise Class,Potential post-cut-off source/date,0,Reviewer 1,2026-08-07,Exploratory 119-cell review
GC-097,South Korea,D6,Transport Sector Targets,Transport electrification/modal shift/sector target vs IPCC transport mitigation pathway,"South Korea's 2035 NDC (Dec 2025), sector-specific targets; Ministry of Climate, Energy and Environment vehicle GHG/fuel-efficiency regulation revisions (2027–2030 phase-in)","The NDC includes an explicit transport-sector target of 60.2–62.8% emissions reduction by 2035 (from 98.8 MtCO2e in 2018 to roughly 36.8 MtCO2e), 'reiterated in its submission to the UNFCCC' (Climate Action Tracker, primary/secondary). This is paired with a new-vehicle sales-share target of 40% electric/hydrogen by 2030 and 70% by 2035, and newly mandatory (replacing voluntary) emissions-reduction requirements for medium/heavy-duty commercial vehicles phasing in 2027–2030. The government has 'not set a specific date to end production of internal combustion cars' (Eco-Business, secondary).",IPCC AR6 WGIII Ch.10,1.5°C (no/limited overshoot) pathways require a 59% [42–68%] reduction in transport CO2 by 2050 vs modelled 2020 levels; light-duty-vehicle electrification is the leading near-term lever.,0,Aligned,Significant,High,"This is the strongest, most directly comparable transport case reviewed among all countries — an absolute sectoral emissions-reduction percentage (60.2–62.8%) embedded directly in the NDC text, on a 2035 timeline that is more front-loaded than AR6's 59%-by-2050 global benchmark, plus binding heavy-vehicle regulation. The system's default score (0.00 → 'Aligned') undersells the specificity of this evidence, but full alignment isn't confirmed given the broader NDC's 'not fully 1.5°C aligned' rating and no confirmed ICE phase-out date.",Yes,Revise Class,Potential post-cut-off source/date,0,Reviewer 1,2026-08-07,Exploratory 119-cell review
GC-098,South Korea,D7,LULUCF and Carbon Sinks,"Land-use commitments, sink accounting, additionality, and offsets",South Korea's 2035 NDC (Dec 2025),"The NDC target of 53–61% below 2018 (incl. LULUCF) is only marginally different from 51–59% excluding LULUCF (CAT, secondary) — a relatively modest 2-percentage-point swing, in contrast to countries where excluding LULUCF changes the headline figure dramatically (e.g., Russia's target swings from 33–35% incl. LULUCF to 27–33% excl.). No separately disclosed, quantified forest/land-sink target beyond this embedded contribution was found.",IPCC AR6 WGIII Ch.7 (AFOLU),"AFOLU can provide 20–30% of global mitigation needed for 1.5/2°C pathways to 2050 (~8–14 GtCO2e/yr economic potential), led by forest/ecosystem protection; the chapter flags long-term additionality and permanence uncertainty for land-sink-heavy strategies.",0.6,Significant,Significant,Medium,"The relatively small gap between the incl.- and excl.-LULUCF figures is a comparatively positive transparency signal versus several other countries reviewed — South Korea's headline ambition isn't being substantially inflated by land-sink accounting — but there is still no separately published, quantified LULUCF target to assess independently.",Partly,Retain Figure 2 Class,Potential post-cut-off source/date,1,Reviewer 1,2026-08-07,Exploratory 119-cell review
GC-099,Türkiye,D1,Renewable Energy Targets,Share of renewable/non-fossil electricity or installed capacity vs IPCC electricity-share benchmark,"Roadmap for Renewable Energy to 2035 (Republic of Türkiye Ministry of Energy and Natural Resources, Oct 2024)","Türkiye plans to quadruple wind and solar capacity to 120 GW by 2035 (160 GW incl. hydro/biomass), with 7.5–8 GW/year of new buildout, USD 108 billion in capacity investment, and USD 28 billion for grid upgrades. The long-term goal (2053) is for renewables to reach 69.1% of electricity supply, up from 42.4% in 2020. Currently (2024), wind and solar supply 18% of generation; including hydro and geothermal, non-fossil sources reach 45%. However, Climate Analytics (secondary) notes Türkiye 'is the largest producer of coal-fired electricity in Europe and is pouring money into oil and gas drilling' in parallel.",IPCC AR6 WGIII Ch.6; SPM.3,"1.5–<2°C pathways: low-carbon sources ~93–97% of global electricity by 2050. Climate Action Tracker's Türkiye-specific benchmark (secondary): 'to align with 1.5°C, Türkiye needs to effectively phase out fossil fuels from the power sector in the 2030s, providing almost 100% renewable electricity by 2035.'",0.6,Significant,Critical,High,"Despite a genuinely large capacity-expansion plan, even Türkiye's own long-term (2053) target of 69% falls dramatically short of the ~100% by 2035 CAT says 1.5°C alignment requires — an 18-year, 30+ percentage-point gap — while the government simultaneously remains Europe's largest coal power producer and continues to expand oil and gas drilling.",Yes,Revise Class,,0,Reviewer 1,2026-08-07,Exploratory 119-cell review
GC-100,Türkiye,D2,Net Zero Pathway,"Net-zero target year, gases/sectors covered vs IPCC net-zero trajectory","Türkiye's Second NDC (NDC 3.0, submitted UNFCCC Nov 9, 2025); Long-Term Strategy (LTS, submitted COP29 2024); Climate Law (July 2025)","NDC 3.0 limits emissions to 643 MtCO2e by 2035 (a 41–42% reduction from a BAU reference scenario) — but Climate Action Tracker (secondary) notes this is '32% above 2022 levels,' and independent modelling (Istanbul Policy Center, secondary) finds a pure 'do nothing new' business-as-usual trajectory would reach 655 MtCO2e by 2035, 'almost exactly' matching the government's pledge; Climate Home News (secondary) calls it 'a pledge to deliver a controlled increase rather than a reduction.' Net zero is targeted for 2053, now legally codified in the July 2025 Climate Law, but the LTS 'reiterates the NDC goal of peaking emissions only by 2038 at the latest' (CAT, secondary) — CAT notes reaching net zero just 15 years after peaking 'would require annual reductions exceeding 10 percent... no country has ever sustained such rapid decarbonization.'",IPCC AR6 Synthesis Report SPM B.6; WGIII Ch.3,"1.5°C (no/limited overshoot) pathways reach net-zero CO2 in the early 2050s, with GHG cuts of 43% [34–60%] by 2030 and 84% [73–98%] by 2050 vs 2019.",0.85,Critical,Critical,High,"This is one of the starkest 'not a real cut' cases reviewed: the 2035 target represents an actual increase over 2022 levels and is independently confirmed to match a pure business-as-usual trajectory, while the legally-codified 2053 net-zero date is mathematically implausible given the government's own admitted 2038 peaking assumption.",Yes,Retain Figure 2 Class,Potential post-cut-off source/date,1,Reviewer 1,2026-08-07,Exploratory 119-cell review
GC-101,Türkiye,D3,Methane Reduction,Specific methane reduction commitment vs IPCC rapid methane reduction requirement,"Global Methane Pledge (non-signatory); COP29 Declaration on Reducing Methane from Organic Waste (ROW, signed); Türkiye's COP31 draft action agenda (2026)","Türkiye has not signed the Global Methane Pledge — GAIA (secondary, joint NGO declaration) states Türkiye 'remains one of the few major economies that has not signed the Global Methane Pledge — an important accountability gap,' while noting the 'contradiction' of Türkiye simultaneously prioritizing waste-sector methane as its top COP31 action-agenda item (led personally by the Turkish First Lady). Türkiye did sign the COP29 ROW Declaration on organic waste methane, but GAIA explicitly calls on Türkiye to 'set quantified methane reduction targets for the waste sector with clear interim milestones' — indicating none currently exist.",IPCC AR6 Synthesis Report SPM B.6.2,1.5°C (>50%) no/limited-overshoot pathways: global methane emissions reduced 34% [21–57%] by 2030 relative to 2019.,0.7,Significant,Absent,High,"No quantified methane reduction target or Global Methane Pledge membership was found — despite strong rhetorical prioritization of waste methane for Türkiye's upcoming COP31 presidency, independent NGO analysis directly confirms this attention has not yet translated into any quantified commitment.",Yes,Revise Class,,0,Reviewer 1,2026-08-07,Exploratory 119-cell review
GC-102,Türkiye,D4,Adaptation Finance,Quantified adaptation finance needs/commitments and conditionality,"Climate Change Adaptation Strategy and Action Plan (CCASAP, 2024–2030); predecessor NASAP (2011–2023)","CCASAP is a comprehensive adaptation framework: 40 strategic goals and 129 actions across agriculture/food security, biodiversity, water resources, tourism, industry, urban areas, public health, transport, energy, and disaster risk reduction, built on country-specific climate projections and sector-by-sector vulnerability/risk analyses. No specific quantified adaptation finance figure (domestic or international) was found attached to this strategy across multiple searches. Türkiye's UNFCCC-recognized 'special circumstances' status (per 2010–2014 COP decisions) positions it as seeking international support rather than providing it.","IPCC AR6 WGII SPM C.3, C.5","AR6 WGII documents a widening adaptation finance gap; most tracked climate finance still goes to mitigation, and adaptation finance falls short of documented needs in developing countries.",0.65,Significant,Significant,Medium,"The adaptation planning itself is unusually comprehensive and methodologically serious (129 actions, sector-specific risk analysis) — stronger qualitative evidence than several peers reviewed — but as with many other countries in this review, no disclosed dollar figure was found attached to it.",Partly,Retain Figure 2 Class,,1,Reviewer 1,2026-08-07,Exploratory 119-cell review
GC-103,Türkiye,D5,Loss and Damage,"Loss and Damage finance needs, liability/compensation references, or related commitments",Türkiye's Second NDC (Nov 2025); COP31 hosting preparations,"No specific Turkish national loss-and-damage finance commitment, liability/compensation reference, or fund contribution was found. Türkiye is set to host COP31 as an 'implementation COP' and will inherit the global COP30 package (which includes operationalizing the Loss and Damage Fund and tripling adaptation finance by 2035), but this reflects the broader multilateral outcome Türkiye will preside over, not a specific Turkish national commitment. Advocacy pieces (e.g., Caspianpost, secondary) explicitly urge Türkiye to prioritize L&D-adjacent issues (fragile-state adaptation finance) at COP31 — framed as a future opportunity, not an existing commitment.",IPCC AR6 WGII SPM B,"AR6 WGII recognizes losses and damages as escalating, unequally distributed, and worsening with each increment of warming, with hard/soft adaptation limits already reached in some systems.",1,Absent,Absent,Medium,"No relevant national commitment found, consistent with the rubric's definition of Absent. Confidence is Medium since the primary NDC text was not directly reviewed line-by-line for an L&D section, and Türkiye's prominent upcoming role as COP31 host on this exact topic warrants a follow-up check once its presidency agenda solidifies.",Partly,Retain Figure 2 Class,Potential post-cut-off source/date,1,Reviewer 1,2026-08-07,Exploratory 119-cell review
GC-104,Türkiye,D6,Transport Sector Targets,Transport electrification/modal shift/sector target vs IPCC transport mitigation pathway,"Republic of Türkiye Ministry of Transport and Infrastructure sectoral targets (via Climate Action Tracker, secondary)","Türkiye has a specific, quantified modal-shift target: increasing rail's share of passenger transport to 5.31% and of freight transport to 20.12% by 2035, up from 2019 levels of 0.89% and 3.13% respectively. Separately, EV market share is reported to be 'approaching 20 percent' as of 2025 (Istanbul Policy Center, secondary), though this appears to reflect organic market growth rather than a stated binding target. No absolute transport-sector emissions-reduction percentage was found.",IPCC AR6 WGIII Ch.10,1.5°C (no/limited overshoot) pathways require a 59% [42–68%] reduction in transport CO2 by 2050 vs modelled 2020 levels; light-duty-vehicle electrification is the leading near-term lever.,0,Aligned,Not Comparable,Medium,"The system's default score (0.00 → 'Aligned') looks like a placeholder — a real, specific, quantified rail-modal-shift target does exist (an unusually granular data point among peers reviewed), but it measures modal share, not absolute transport emissions, so it cannot be directly benchmarked against AR6's 59%-by-2050 metric.",Partly,Revise Class,,0,Reviewer 1,2026-08-07,Exploratory 119-cell review
GC-105,Türkiye,D7,LULUCF and Carbon Sinks,"Land-use commitments, sink accounting, additionality, and offsets",Türkiye's National Inventory Document (2024); Climate Action Tracker policy analysis (secondary),"Türkiye's LULUCF sink was just 56 MtCO2 in 2022 against total emissions of 502 MtCO2 (incl. LULUCF) — already a small sink relative to total emissions — and Climate Action Tracker (secondary) states 'the sink is diminishing... due in large part to the government's increase in wood production,' compounded by 'increasingly severe wildfires in recent years, which show no signs of stopping.' Türkiye did meet its target of 30% forest land cover by 2023 and signed the COP26 forestry pledge, though 'the updated NDC does not specifically mention the declaration.'",IPCC AR6 WGIII Ch.7 (AFOLU),"AFOLU can provide 20–30% of global mitigation needed for 1.5/2°C pathways to 2050 (~8–14 GtCO2e/yr economic potential), led by forest/ecosystem protection; the chapter flags long-term additionality and permanence uncertainty for land-sink-heavy strategies.",0.6,Significant,Critical,High,"Unlike most LULUCF cases reviewed (which involve either static uncertainty or growing-but-opaque sinks), this is a clear, independently-documented deterioration trend: an already-small sink actively shrinking due to a deliberate policy choice (increased wood production) compounded by a worsening climate feedback (wildfires) — a genuine and worsening structural weakness.",Yes,Revise Class,,0,Reviewer 1,2026-08-07,Exploratory 119-cell review
GC-106,United Kingdom,D1,Renewable Energy Targets,Share of renewable/non-fossil electricity or installed capacity vs IPCC electricity-share benchmark,"Clean Power 2030 Action Plan (DESNZ, Dec 2024); House of Commons Library Clean Power briefing","The plan targets 100% of Great Britain's electricity demand met from 'clean' sources (renewables, nuclear, and low-carbon backup) by 2030, with a specific sub-target of 95% clean *generation* and carbon intensity below 50g CO2/kWh (down from 154g currently). Latest data shows generation from clean sources at 63.7% against the 95% target, with consumption-based clean generation at 58% against the 100% target. Gas is retained only as backup, targeted at 5% or less of generation over a typical weather year.",IPCC AR6 WGIII Ch.6; SPM.3,1.5–<2°C pathways: low-carbon sources ~93–97% of global electricity by 2050.,0.6,Significant,Significant,High,"This is one of the most ambitious, well-quantified, near-term power-sector targets reviewed (2030 vs. the global 2050 benchmark), but the Institute for Government (secondary) finds delivery 'is not on track' in most areas versus the pace required, and the 'clean power' definition includes nuclear and gas-CCS rather than being purely renewable — a modest scope caveat similar to Canada's D1 case.",Yes,Retain Figure 2 Class,Potential post-cut-off source/date,1,Reviewer 1,2026-08-07,Exploratory 119-cell review
GC-107,United Kingdom,D2,Net Zero Pathway,"Net-zero target year, gases/sectors covered vs IPCC net-zero trajectory","UK's 2035 NDC (submitted UNFCCC Jan 30, 2025); Climate Change Act 2008 (net zero by 2050, legally binding)","NDC commits to reducing all GHG emissions by at least 81% by 2035 vs 1990 (excl. international aviation/shipping), based on advice from the independent Climate Change Committee, an economy-wide absolute target covering all gases. Climate Action Tracker (secondary) states: 'The UK's 2035 target in its new NDC is ambitious and would translate to emissions below our cost-effective 1.5ºC modelled domestic pathway... we label the UK's new NDC as “1.5°C compatible” compared to MDPs... it is the first developed country to get this assessment.'",IPCC AR6 Synthesis Report SPM B.6; WGIII Ch.3,"1.5°C (no/limited overshoot) pathways reach net-zero CO2 in the early 2050s, with GHG cuts of 43% [34–60%] by 2030 and 84% [73–98%] by 2050 vs 2019.",0.7,Significant,Aligned,High,"This is the single strongest net-zero pathway case found across this entire review — Climate Action Tracker explicitly and directly rates it '1.5°C compatible' and notes it is the first developed country to receive this assessment. CAT does flag that the UK's earlier 2030 target should still be revised upward to match, and that clarity on carbon credits/removals could improve, but the headline 2035 pathway itself meets the highest bar found in this exercise.",Yes,Revise Class,Potential post-cut-off source/date,0,Reviewer 1,2026-08-07,Exploratory 119-cell review
GC-108,United Kingdom,D3,Methane Reduction,Specific methane reduction commitment vs IPCC rapid methane reduction requirement,"Global Methane Pledge (UK hosted launch at COP26, 2021); Climate Change Committee (CCC) net-zero pathway advice; North Sea Transition Deal Methane Action Plan","The UK hosted and facilitated the Global Methane Pledge's launch at COP26. Per the CCC (secondary), methane emissions should fall by approximately 30% of 2020 levels by 2030 as part of the UK's legally-binding net-zero pathway. Industry's North Sea Transition Deal Methane Action Plan separately commits to a 50% reduction by 2030 (vs. 2018 baseline) in the oil and gas sector, with an OGCI methane-intensity target of 0.2% by 2025. Methane's share of total UK emissions has already fallen from 18% (1990) to 14% (2022) — demonstrated historical progress, not just a future target. However, a House of Lords Environment and Climate Change Committee report (secondary) found 'the UK has contributed significantly less than other comparable countries' on international methane finance, and Clean Air Task Force (secondary) states 'the UK has languished' internationally on methane leadership since its strong COP26 start.",IPCC AR6 Synthesis Report SPM B.6.2,1.5°C (>50%) no/limited-overshoot pathways: global methane emissions reduced 34% [21–57%] by 2030 relative to 2019.,0.6,Significant,Significant,High,"This is one of the more evidence-rich methane cases reviewed, with real demonstrated historical reductions (not just pledges) and multiple quantified targets across government, CCC, and industry levels. It falls short of full alignment because independent parliamentary scrutiny directly confirms the UK's international methane finance and diplomatic leadership have lagged since its strong founding role at COP26.",Yes,Retain Figure 2 Class,,1,Reviewer 1,2026-08-07,Exploratory 119-cell review
GC-109,United Kingdom,D4,Adaptation Finance,Quantified adaptation finance needs/commitments and conditionality,"UK Biennial Finance Communication to UNFCCC (Dec 2024); Third National Adaptation Programme (NAP3, July 2023, under the Climate Change Act)","The UK pledged to increase its International Climate Finance (ICF) from £5.8bn (2015–2021) to £11.6bn (2021–2026), including at least £3bn for nature-based solutions, and has a legally-mandated domestic adaptation programme (NAP3) covering infrastructure, the natural environment, and industry. ICF results reporting shows 110,075,000 people directly supported to adapt to climate change. However, independent analysis (Carbon Brief, cited by the Independent Commission for Aid Impact, secondary) found the UK had 'fallen 40% behind on its £11.6bn climate-finance pledge' as of October 2023 — a real, quantified delivery shortfall.","IPCC AR6 WGII SPM C.3, C.5","AR6 WGII documents a widening adaptation finance gap; most tracked climate finance still goes to mitigation, and adaptation finance falls short of documented needs in developing countries.",0.65,Significant,Significant,High,"A legally-mandated domestic adaptation programme plus substantial, quantified international finance commitments with real outcome metrics (110 million people supported) make this one of the more detailed adaptation-finance pictures reviewed, but an independent government-commissioned review confirms delivery is running significantly behind the UK's own pledge.",Yes,Retain Figure 2 Class,Potential post-cut-off source/date,1,Reviewer 1,2026-08-07,Exploratory 119-cell review
GC-110,United Kingdom,D5,Loss and Damage,"Loss and Damage finance needs, liability/compensation references, or related commitments",COP28 outcomes (Dec 2023); UK Biennial Finance Communication (Dec 2024),"The UK committed up to £40 million (~$51 million) to the newly-established Fund for Responding to Loss and Damage (FRLD) at COP28, and holds a full seat on the FRLD Board, working to target support to particularly vulnerable countries including LDCs and SIDS. However, Save the Children (secondary) criticized the announcement as the UK 'giving with one hand while taking with the other,' implying the funds may have been reallocated from existing ICF commitments rather than representing genuinely additional money.",IPCC AR6 WGII SPM B,"AR6 WGII recognizes losses and damages as escalating, unequally distributed, and worsening with each increment of warming, with hard/soft adaptation limits already reached in some systems.",1,Absent,Significant,High,"The system's default score (1.00 → 'Absent') doesn't match the evidence — a concrete, named, quantified L&D Fund contribution exists with institutional board representation, stronger evidence than most countries reviewed. It falls short of full alignment given credible independent criticism that the funding may not be genuinely additional to existing commitments.",Yes,Revise Class,Potential post-cut-off source/date,0,Reviewer 1,2026-08-07,Exploratory 119-cell review
GC-111,United Kingdom,D6,Transport Sector Targets,Transport electrification/modal shift/sector target vs IPCC transport mitigation pathway,"UK's 2035 NDC ICTU (Jan 2025), Zero Emission Vehicle (ZEV) mandate; Carbon Budget and Growth Delivery Plan (CBGD, Oct 2025)","The UK's own NDC text describes its ZEV mandate as 'the world's most ambitious national level regulatory framework of its kind,' with binding annual minimum new-sales targets rising to 80% of cars and 70% of vans by 2030, reaching 100% by 2035; the 2030 ban on new petrol/diesel car sales was reinstated by the Labour government after a prior delay to 2035. However, the October 2025 CBGD plan sets lower on-road fleet-composition assumptions than the 2021 net-zero strategy (21% of all cars ZEV by 2030 and 48% by 2035, down from 24% and 53% respectively) — Carbon Brief (secondary) notes 'the car industry has consistently claimed it is set to miss the ZEV mandate [sales] targets.'",IPCC AR6 WGIII Ch.10,1.5°C (no/limited overshoot) pathways require a 59% [42–68%] reduction in transport CO2 by 2050 vs modelled 2020 levels; light-duty-vehicle electrification is the leading near-term lever.,0,Aligned,Significant,Medium,"The system's default score (0.00 → 'Aligned') undersells real strength here — a binding, self-described 'world's most ambitious' new-sales mandate with a reinstated 2030 ICE ban. Confidence is Medium because the CBGD plan's lower fleet-composition figures (21%/48%) appear to measure total on-road stock rather than new-sales share (the ZEV mandate's own metric), and this distinction should be verified against the primary CBGD document; either way, independent commentary confirms some downgrade in ambition and delivery risk versus the 2021 baseline.",Partly,Revise Class,Potential post-cut-off source/date,0,Reviewer 1,2026-08-07,Exploratory 119-cell review
GC-112,United Kingdom,D7,LULUCF and Carbon Sinks,"Land-use commitments, sink accounting, additionality, and offsets",UK's 2035 NDC (Jan 2025),"Climate Action Tracker (secondary) states directly: 'the UK has missed the opportunity to provide clarity in three key areas: LULUCF, carbon removal, and carbon credits.' However, CAT also notes 'the UK's LULUCF emissions are very small compared to total emissions (at less than 1% of total emissions in 2024)' — meaning the sector's practical influence on the credibility of the headline 81% target is limited even where transparency is lacking.",IPCC AR6 WGIII Ch.7 (AFOLU),"AFOLU can provide 20–30% of global mitigation needed for 1.5/2°C pathways to 2050 (~8–14 GtCO2e/yr economic potential), led by forest/ecosystem protection; the chapter flags long-term additionality and permanence uncertainty for land-sink-heavy strategies.",0.6,Significant,Significant,High,"This is a real, independently-flagged transparency gap in an otherwise unusually transparent NDC, but it is fundamentally different in kind from cases like Russia, Indonesia, or Brazil where LULUCF materially drives the entire headline result — CAT itself notes the UK's LULUCF sector is small enough (<1% of total emissions) that the ambiguity has limited practical impact on overall target credibility.",Yes,Retain Figure 2 Class,Potential post-cut-off source/date,1,Reviewer 1,2026-08-07,Exploratory 119-cell review
GC-113,United States,D1,Renewable Energy Targets,Share of renewable/non-fossil electricity or installed capacity vs IPCC electricity-share benchmark,"No current NDC exists. Historical reference: Biden Administration's 2024 NDC (revoked); Inflation Reduction Act (IRA, 2022); One Big Beautiful Bill Act (OBBBA, signed July 4, 2025)","Following the US withdrawal from the Paris Agreement (executive order, Jan 20, 2025), the Trump Administration formally revoked the Biden Administration's 2030 and 2035 NDC targets, so no current federal renewable-electricity target exists to evaluate. The prior approach relied on IRA renewable tax credits (Clean Electricity Production/Investment Tax Credits); OBBBA now imposes 'accelerated repeal schedules for most renewable energy tax credits' (Arnold & Porter, secondary), making solar and wind ineligible for the Clean Electricity Investment Credit after Dec 31, 2027. E2 data (via Electrek, secondary) shows over $28.7 billion in private-sector renewable and EV project cancellations in 2025 alone.",IPCC AR6 WGIII Ch.6; SPM.3,1.5–<2°C pathways: low-carbon sources ~93–97% of global electricity by 2050.,0.6,Significant,Absent,High,"There is no current federal NDC or renewable-electricity target to compare against the AR6 benchmark — the prior target was formally revoked, and the tax-credit infrastructure that supported renewable deployment is being actively and rapidly dismantled by statute (OBBBA), not merely underfunded.",Yes,Revise Class,,0,Reviewer 1,2026-08-07,Exploratory 119-cell review
GC-114,United States,D2,Net Zero Pathway,"Net-zero target year, gases/sectors covered vs IPCC net-zero trajectory","No current NDC exists. Executive Order 14162 'Putting America First in International Environmental Agreements' (Jan 20, 2025)","The Trump Administration's executive order formally initiated US withdrawal from the Paris Agreement and 'revoked the US 2030 and 2035 Nationally Determined Contribution (NDC) targets' that the Biden Administration had submitted in 2021 and 2024 (61–66% below 2005 by 2035), and 'also abandoned the US net zero target' from the Biden Administration's Long-Term Strategy (net zero by 2050). Climate Action Tracker (secondary) now rates 'the US's lack of NDC targets as “Critically Insufficient”... If all countries were to follow the US's approach, warming would exceed 4°C.'",IPCC AR6 Synthesis Report SPM B.6; WGIII Ch.3,"1.5°C (no/limited overshoot) pathways reach net-zero CO2 in the early 2050s, with GHG cuts of 43% [34–60%] by 2030 and 84% [73–98%] by 2050 vs 2019.",0.85,Critical,Absent,High,"This is the clearest, most complete 'no relevant commitment found' case in the entire review — not merely a weak or opaque target, but a formally revoked one, with the accompanying net-zero long-term strategy also explicitly abandoned. CAT's own rating framework has shifted to directly assessing the absence of any target.",Yes,Retain Figure 2 Class,,0,Reviewer 1,2026-08-07,Exploratory 119-cell review
GC-115,United States,D3,Methane Reduction,Specific methane reduction commitment vs IPCC rapid methane reduction requirement,"Inflation Reduction Act Waste Emissions Charge (WEC, methane fee rule); H.J.Res.35 (signed into law March 14, 2025); EPA Greenhouse Gas Reporting Program (GHGRP) proposed amendment (Sept 9, 2025)","Congress used the Congressional Review Act to disapprove the EPA's WEC rule (which would have charged oil and gas producers $900–$1,500/tonne for excess methane emissions), and President Trump signed this into law in March 2025, voiding the regulation 'and limit[ing] the promulgating agency's discretion to re-promulgate a similar rule in the future' (Vinson & Elkins, secondary) — though the underlying IRA statutory obligation technically remains unrepealed with no enforceable mechanism. Separately, EPA proposed suspending most Greenhouse Gas Reporting Program obligations and 'delaying oil and gas methane reporting requirements until 2034' (Columbia Climate Law Blog, secondary) — a near-decade data blackout on the emissions data needed to implement any methane policy.",IPCC AR6 Synthesis Report SPM B.6.2,1.5°C (>50%) no/limited-overshoot pathways: global methane emissions reduced 34% [21–57%] by 2030 relative to 2019.,0.85,Critical,Absent,High,"Both the market-based methane fee mechanism and the underlying emissions-reporting infrastructure needed to implement any methane policy have been legislatively repealed or administratively suspended — this is an active dismantling, not merely an absence of ambition.",Yes,Revise Class,,0,Reviewer 1,2026-08-07,Exploratory 119-cell review
GC-116,United States,D4,Adaptation Finance,Quantified adaptation finance needs/commitments and conditionality,"Executive Order 14162 (Jan 2025); OBBBA (July 2025), termination of the Greenhouse Gas Reduction Fund","Woodwell Climate Research Center (secondary) states directly: 'The executive order is targeted at stopping any U.S. climate finance contributions,' which would include international adaptation finance previously provided by the US. Domestically, OBBBA 'terminated the Greenhouse Gas Reduction Fund, which was also created under the Inflation Reduction Act and provided billions of dollars in investments' (NYC Independent Budget Office, secondary) in climate resilience and clean energy financing.","IPCC AR6 WGII SPM C.3, C.5","AR6 WGII documents a widening adaptation finance gap; most tracked climate finance still goes to mitigation, and adaptation finance falls short of documented needs in developing countries.",0.85,Critical,Absent,High,"Both international climate finance contributions and a major domestic resilience-funding mechanism have been explicitly halted or statutorily terminated in 2025, consistent with the rubric's definition of Absent.",Yes,Retain Figure 2 Class,Potential post-cut-off source/date,0,Reviewer 1,2026-08-07,Exploratory 119-cell review
GC-117,United States,D5,Loss and Damage,"Loss and Damage finance needs, liability/compensation references, or related commitments",Executive Order 14162 (Jan 2025),"No loss-and-damage finance need, liability/compensation reference, or fund contribution exists — the executive order withdrawing from the Paris Agreement is 'targeted at stopping any U.S. climate finance contributions' (Woodwell Climate, secondary), which would encompass any prior or planned L&D Fund engagement.",IPCC AR6 WGII SPM B,"AR6 WGII recognizes losses and damages as escalating, unequally distributed, and worsening with each increment of warming, with hard/soft adaptation limits already reached in some systems.",1,Absent,Absent,High,"No relevant commitment found, directly and explicitly confirmed by the executive order's stated intent to halt all US climate finance contributions.",Yes,Retain Figure 2 Class,Potential post-cut-off source/date,1,Reviewer 1,2026-08-07,Exploratory 119-cell review
GC-118,United States,D6,Transport Sector Targets,Transport electrification/modal shift/sector target vs IPCC transport mitigation pathway,"EPA Endangerment Finding repeal (proposed, final decision expected ~Jan 2026); vehicle GHG emissions standards rescission; OBBBA (EV tax credit repeal); NEVI program suspension","EPA has moved to rescind the 2009 Endangerment Finding, the legal basis for federal GHG vehicle standards, and has 'formally rescinded a host of federal GHG emissions standards for trucks and automobiles' (Legal Planet, secondary) — standards that 'would have led to EVs constituting approximately 68% of new automobile sales nationwide by 2032.' OBBBA repealed EV tax credits (25E, 30D, 45W) for vehicles acquired after Sept 30, 2025, and the 30C charging-infrastructure credit after June 30, 2026. The Federal Highway Administration rescinded all guidance for the National EV Infrastructure (NEVI) formula grant program and suspended all state NEVI plan approvals (Plug In America, secondary). CAFE fuel-economy violation penalties were also zeroed out.",IPCC AR6 WGIII Ch.10,1.5°C (no/limited overshoot) pathways require a 59% [42–68%] reduction in transport CO2 by 2050 vs modelled 2020 levels; light-duty-vehicle electrification is the leading near-term lever.,0,Aligned,Absent,High,"This is a comprehensive, multi-pronged rollback: the legal basis for vehicle emissions standards, the tax credits supporting EV adoption, the charging infrastructure funding, and fuel-economy enforcement penalties have all been eliminated within 2025 — a fundamentally different picture from every other country reviewed, where transport policy was at worst underambitious rather than actively dismantled.",Yes,Revise Class,Potential post-cut-off source/date,0,Reviewer 1,2026-08-07,Exploratory 119-cell review
GC-119,United States,D7,LULUCF and Carbon Sinks,"Land-use commitments, sink accounting, additionality, and offsets","No current NDC exists (revoked, Jan 2025)","No LULUCF accounting methodology, sink target, or additionality safeguard currently exists at the federal level, as the entire NDC framework that would have specified this treatment was formally revoked. No LULUCF-specific rollback announcement was separately identified, but this follows directly from the blanket revocation of the underlying NDC document itself.",IPCC AR6 WGIII Ch.7 (AFOLU),"AFOLU can provide 20–30% of global mitigation needed for 1.5/2°C pathways to 2050 (~8–14 GtCO2e/yr economic potential), led by forest/ecosystem protection; the chapter flags long-term additionality and permanence uncertainty for land-sink-heavy strategies.",0.7,Significant,Absent,Medium,"Consistent with the across-the-board revocation of the US NDC, there is no operative LULUCF target to evaluate. Confidence is Medium rather than High because no LULUCF-specific rollback action was separately confirmed in searches — the classification follows by direct logical consequence of the NDC's blanket revocation rather than a dimension-specific news event.",Yes,Revise Class,Potential post-cut-off source/date,0,Reviewer 1,2026-08-07,Exploratory 119-cell review
